{
  "errors": [],
  "generated_at": "2018-08-19T14:29:46Z",
  "metrics": {
    "_totals": {
      "CONFIDENCE.HIGH": 41.0,
      "CONFIDENCE.LOW": 0.0,
      "CONFIDENCE.MEDIUM": 2.0,
      "CONFIDENCE.UNDEFINED": 0.0,
      "SEVERITY.HIGH": 1.0,
      "SEVERITY.LOW": 40.0,
      "SEVERITY.MEDIUM": 2.0,
      "SEVERITY.UNDEFINED": 0.0,
      "loc": 28612,
      "nosec": 0
    },
    "celery/__init__.py": {
      "CONFIDENCE.HIGH": 0.0,
      "CONFIDENCE.LOW": 0.0,
      "CONFIDENCE.MEDIUM": 0.0,
      "CONFIDENCE.UNDEFINED": 0.0,
      "SEVERITY.HIGH": 0.0,
      "SEVERITY.LOW": 0.0,
      "SEVERITY.MEDIUM": 0.0,
      "SEVERITY.UNDEFINED": 0.0,
      "loc": 132,
      "nosec": 0
    },
    "celery/__main__.py": {
      "CONFIDENCE.HIGH": 0.0,
      "CONFIDENCE.LOW": 0.0,
      "CONFIDENCE.MEDIUM": 0.0,
      "CONFIDENCE.UNDEFINED": 0.0,
      "SEVERITY.HIGH": 0.0,
      "SEVERITY.LOW": 0.0,
      "SEVERITY.MEDIUM": 0.0,
      "SEVERITY.UNDEFINED": 0.0,
      "loc": 13,
      "nosec": 0
    },
    "celery/_state.py": {
      "CONFIDENCE.HIGH": 0.0,
      "CONFIDENCE.LOW": 0.0,
      "CONFIDENCE.MEDIUM": 0.0,
      "CONFIDENCE.UNDEFINED": 0.0,
      "SEVERITY.HIGH": 0.0,
      "SEVERITY.LOW": 0.0,
      "SEVERITY.MEDIUM": 0.0,
      "SEVERITY.UNDEFINED": 0.0,
      "loc": 120,
      "nosec": 0
    },
    "celery/app/__init__.py": {
      "CONFIDENCE.HIGH": 0.0,
      "CONFIDENCE.LOW": 0.0,
      "CONFIDENCE.MEDIUM": 0.0,
      "CONFIDENCE.UNDEFINED": 0.0,
      "SEVERITY.HIGH": 0.0,
      "SEVERITY.LOW": 0.0,
      "SEVERITY.MEDIUM": 0.0,
      "SEVERITY.UNDEFINED": 0.0,
      "loc": 59,
      "nosec": 0
    },
    "celery/app/amqp.py": {
      "CONFIDENCE.HIGH": 0.0,
      "CONFIDENCE.LOW": 0.0,
      "CONFIDENCE.MEDIUM": 0.0,
      "CONFIDENCE.UNDEFINED": 0.0,
      "SEVERITY.HIGH": 0.0,
      "SEVERITY.LOW": 0.0,
      "SEVERITY.MEDIUM": 0.0,
      "SEVERITY.UNDEFINED": 0.0,
      "loc": 521,
      "nosec": 0
    },
    "celery/app/annotations.py": {
      "CONFIDENCE.HIGH": 0.0,
      "CONFIDENCE.LOW": 0.0,
      "CONFIDENCE.MEDIUM": 0.0,
      "CONFIDENCE.UNDEFINED": 0.0,
      "SEVERITY.HIGH": 0.0,
      "SEVERITY.LOW": 0.0,
      "SEVERITY.MEDIUM": 0.0,
      "SEVERITY.UNDEFINED": 0.0,
      "loc": 41,
      "nosec": 0
    },
    "celery/app/backends.py": {
      "CONFIDENCE.HIGH": 0.0,
      "CONFIDENCE.LOW": 0.0,
      "CONFIDENCE.MEDIUM": 0.0,
      "CONFIDENCE.UNDEFINED": 0.0,
      "SEVERITY.HIGH": 0.0,
      "SEVERITY.LOW": 0.0,
      "SEVERITY.MEDIUM": 0.0,
      "SEVERITY.UNDEFINED": 0.0,
      "loc": 60,
      "nosec": 0
    },
    "celery/app/base.py": {
      "CONFIDENCE.HIGH": 0.0,
      "CONFIDENCE.LOW": 0.0,
      "CONFIDENCE.MEDIUM": 0.0,
      "CONFIDENCE.UNDEFINED": 0.0,
      "SEVERITY.HIGH": 0.0,
      "SEVERITY.LOW": 0.0,
      "SEVERITY.MEDIUM": 0.0,
      "SEVERITY.UNDEFINED": 0.0,
      "loc": 983,
      "nosec": 0
    },
    "celery/app/builtins.py": {
      "CONFIDENCE.HIGH": 0.0,
      "CONFIDENCE.LOW": 0.0,
      "CONFIDENCE.MEDIUM": 0.0,
      "CONFIDENCE.UNDEFINED": 0.0,
      "SEVERITY.HIGH": 0.0,
      "SEVERITY.LOW": 0.0,
      "SEVERITY.MEDIUM": 0.0,
      "SEVERITY.UNDEFINED": 0.0,
      "loc": 150,
      "nosec": 0
    },
    "celery/app/control.py": {
      "CONFIDENCE.HIGH": 0.0,
      "CONFIDENCE.LOW": 0.0,
      "CONFIDENCE.MEDIUM": 0.0,
      "CONFIDENCE.UNDEFINED": 0.0,
      "SEVERITY.HIGH": 0.0,
      "SEVERITY.LOW": 0.0,
      "SEVERITY.MEDIUM": 0.0,
      "SEVERITY.UNDEFINED": 0.0,
      "loc": 361,
      "nosec": 0
    },
    "celery/app/defaults.py": {
      "CONFIDENCE.HIGH": 0.0,
      "CONFIDENCE.LOW": 0.0,
      "CONFIDENCE.MEDIUM": 0.0,
      "CONFIDENCE.UNDEFINED": 0.0,
      "SEVERITY.HIGH": 0.0,
      "SEVERITY.LOW": 0.0,
      "SEVERITY.MEDIUM": 0.0,
      "SEVERITY.UNDEFINED": 0.0,
      "loc": 324,
      "nosec": 0
    },
    "celery/app/events.py": {
      "CONFIDENCE.HIGH": 0.0,
      "CONFIDENCE.LOW": 0.0,
      "CONFIDENCE.MEDIUM": 0.0,
      "CONFIDENCE.UNDEFINED": 0.0,
      "SEVERITY.HIGH": 0.0,
      "SEVERITY.LOW": 0.0,
      "SEVERITY.MEDIUM": 0.0,
      "SEVERITY.UNDEFINED": 0.0,
      "loc": 30,
      "nosec": 0
    },
    "celery/app/log.py": {
      "CONFIDENCE.HIGH": 0.0,
      "CONFIDENCE.LOW": 0.0,
      "CONFIDENCE.MEDIUM": 0.0,
      "CONFIDENCE.UNDEFINED": 0.0,
      "SEVERITY.HIGH": 0.0,
      "SEVERITY.LOW": 0.0,
      "SEVERITY.MEDIUM": 0.0,
      "SEVERITY.UNDEFINED": 0.0,
      "loc": 199,
      "nosec": 0
    },
    "celery/app/registry.py": {
      "CONFIDENCE.HIGH": 0.0,
      "CONFIDENCE.LOW": 0.0,
      "CONFIDENCE.MEDIUM": 0.0,
      "CONFIDENCE.UNDEFINED": 0.0,
      "SEVERITY.HIGH": 0.0,
      "SEVERITY.LOW": 0.0,
      "SEVERITY.MEDIUM": 0.0,
      "SEVERITY.UNDEFINED": 0.0,
      "loc": 48,
      "nosec": 0
    },
    "celery/app/routes.py": {
      "CONFIDENCE.HIGH": 0.0,
      "CONFIDENCE.LOW": 0.0,
      "CONFIDENCE.MEDIUM": 0.0,
      "CONFIDENCE.UNDEFINED": 0.0,
      "SEVERITY.HIGH": 0.0,
      "SEVERITY.LOW": 0.0,
      "SEVERITY.MEDIUM": 0.0,
      "SEVERITY.UNDEFINED": 0.0,
      "loc": 110,
      "nosec": 0
    },
    "celery/app/task.py": {
      "CONFIDENCE.HIGH": 0.0,
      "CONFIDENCE.LOW": 0.0,
      "CONFIDENCE.MEDIUM": 0.0,
      "CONFIDENCE.UNDEFINED": 0.0,
      "SEVERITY.HIGH": 0.0,
      "SEVERITY.LOW": 0.0,
      "SEVERITY.MEDIUM": 0.0,
      "SEVERITY.UNDEFINED": 0.0,
      "loc": 718,
      "nosec": 0
    },
    "celery/app/trace.py": {
      "CONFIDENCE.HIGH": 0.0,
      "CONFIDENCE.LOW": 0.0,
      "CONFIDENCE.MEDIUM": 0.0,
      "CONFIDENCE.UNDEFINED": 0.0,
      "SEVERITY.HIGH": 0.0,
      "SEVERITY.LOW": 0.0,
      "SEVERITY.MEDIUM": 0.0,
      "SEVERITY.UNDEFINED": 0.0,
      "loc": 482,
      "nosec": 0
    },
    "celery/app/utils.py": {
      "CONFIDENCE.HIGH": 0.0,
      "CONFIDENCE.LOW": 0.0,
      "CONFIDENCE.MEDIUM": 0.0,
      "CONFIDENCE.UNDEFINED": 0.0,
      "SEVERITY.HIGH": 0.0,
      "SEVERITY.LOW": 0.0,
      "SEVERITY.MEDIUM": 0.0,
      "SEVERITY.UNDEFINED": 0.0,
      "loc": 295,
      "nosec": 0
    },
    "celery/apps/__init__.py": {
      "CONFIDENCE.HIGH": 0.0,
      "CONFIDENCE.LOW": 0.0,
      "CONFIDENCE.MEDIUM": 0.0,
      "CONFIDENCE.UNDEFINED": 0.0,
      "SEVERITY.HIGH": 0.0,
      "SEVERITY.LOW": 0.0,
      "SEVERITY.MEDIUM": 0.0,
      "SEVERITY.UNDEFINED": 0.0,
      "loc": 0,
      "nosec": 0
    },
    "celery/apps/beat.py": {
      "CONFIDENCE.HIGH": 0.0,
      "CONFIDENCE.LOW": 0.0,
      "CONFIDENCE.MEDIUM": 0.0,
      "CONFIDENCE.UNDEFINED": 0.0,
      "SEVERITY.HIGH": 0.0,
      "SEVERITY.LOW": 0.0,
      "SEVERITY.MEDIUM": 0.0,
      "SEVERITY.UNDEFINED": 0.0,
      "loc": 130,
      "nosec": 0
    },
    "celery/apps/multi.py": {
      "CONFIDENCE.HIGH": 2.0,
      "CONFIDENCE.LOW": 0.0,
      "CONFIDENCE.MEDIUM": 0.0,
      "CONFIDENCE.UNDEFINED": 0.0,
      "SEVERITY.HIGH": 0.0,
      "SEVERITY.LOW": 2.0,
      "SEVERITY.MEDIUM": 0.0,
      "SEVERITY.UNDEFINED": 0.0,
      "loc": 406,
      "nosec": 0
    },
    "celery/apps/worker.py": {
      "CONFIDENCE.HIGH": 0.0,
      "CONFIDENCE.LOW": 0.0,
      "CONFIDENCE.MEDIUM": 1.0,
      "CONFIDENCE.UNDEFINED": 0.0,
      "SEVERITY.HIGH": 0.0,
      "SEVERITY.LOW": 1.0,
      "SEVERITY.MEDIUM": 0.0,
      "SEVERITY.UNDEFINED": 0.0,
      "loc": 288,
      "nosec": 0
    },
    "celery/backends/__init__.py": {
      "CONFIDENCE.HIGH": 0.0,
      "CONFIDENCE.LOW": 0.0,
      "CONFIDENCE.MEDIUM": 0.0,
      "CONFIDENCE.UNDEFINED": 0.0,
      "SEVERITY.HIGH": 0.0,
      "SEVERITY.LOW": 0.0,
      "SEVERITY.MEDIUM": 0.0,
      "SEVERITY.UNDEFINED": 0.0,
      "loc": 18,
      "nosec": 0
    },
    "celery/backends/amqp.py": {
      "CONFIDENCE.HIGH": 0.0,
      "CONFIDENCE.LOW": 0.0,
      "CONFIDENCE.MEDIUM": 0.0,
      "CONFIDENCE.UNDEFINED": 0.0,
      "SEVERITY.HIGH": 0.0,
      "SEVERITY.LOW": 0.0,
      "SEVERITY.MEDIUM": 0.0,
      "SEVERITY.UNDEFINED": 0.0,
      "loc": 257,
      "nosec": 0
    },
    "celery/backends/asynchronous.py": {
      "CONFIDENCE.HIGH": 0.0,
      "CONFIDENCE.LOW": 0.0,
      "CONFIDENCE.MEDIUM": 0.0,
      "CONFIDENCE.UNDEFINED": 0.0,
      "SEVERITY.HIGH": 0.0,
      "SEVERITY.LOW": 0.0,
      "SEVERITY.MEDIUM": 0.0,
      "SEVERITY.UNDEFINED": 0.0,
      "loc": 231,
      "nosec": 0
    },
    "celery/backends/base.py": {
      "CONFIDENCE.HIGH": 0.0,
      "CONFIDENCE.LOW": 0.0,
      "CONFIDENCE.MEDIUM": 0.0,
      "CONFIDENCE.UNDEFINED": 0.0,
      "SEVERITY.HIGH": 0.0,
      "SEVERITY.LOW": 0.0,
      "SEVERITY.MEDIUM": 0.0,
      "SEVERITY.UNDEFINED": 0.0,
      "loc": 631,
      "nosec": 0
    },
    "celery/backends/cache.py": {
      "CONFIDENCE.HIGH": 0.0,
      "CONFIDENCE.LOW": 0.0,
      "CONFIDENCE.MEDIUM": 0.0,
      "CONFIDENCE.UNDEFINED": 0.0,
      "SEVERITY.HIGH": 0.0,
      "SEVERITY.LOW": 0.0,
      "SEVERITY.MEDIUM": 0.0,
      "SEVERITY.UNDEFINED": 0.0,
      "loc": 119,
      "nosec": 0
    },
    "celery/backends/cassandra.py": {
      "CONFIDENCE.HIGH": 0.0,
      "CONFIDENCE.LOW": 0.0,
      "CONFIDENCE.MEDIUM": 0.0,
      "CONFIDENCE.UNDEFINED": 0.0,
      "SEVERITY.HIGH": 0.0,
      "SEVERITY.LOW": 0.0,
      "SEVERITY.MEDIUM": 0.0,
      "SEVERITY.UNDEFINED": 0.0,
      "loc": 176,
      "nosec": 0
    },
    "celery/backends/consul.py": {
      "CONFIDENCE.HIGH": 0.0,
      "CONFIDENCE.LOW": 0.0,
      "CONFIDENCE.MEDIUM": 0.0,
      "CONFIDENCE.UNDEFINED": 0.0,
      "SEVERITY.HIGH": 0.0,
      "SEVERITY.LOW": 0.0,
      "SEVERITY.MEDIUM": 0.0,
      "SEVERITY.UNDEFINED": 0.0,
      "loc": 75,
      "nosec": 0
    },
    "celery/backends/couchbase.py": {
      "CONFIDENCE.HIGH": 0.0,
      "CONFIDENCE.LOW": 0.0,
      "CONFIDENCE.MEDIUM": 0.0,
      "CONFIDENCE.UNDEFINED": 0.0,
      "SEVERITY.HIGH": 0.0,
      "SEVERITY.LOW": 0.0,
      "SEVERITY.MEDIUM": 0.0,
      "SEVERITY.UNDEFINED": 0.0,
      "loc": 87,
      "nosec": 0
    },
    "celery/backends/couchdb.py": {
      "CONFIDENCE.HIGH": 0.0,
      "CONFIDENCE.LOW": 0.0,
      "CONFIDENCE.MEDIUM": 0.0,
      "CONFIDENCE.UNDEFINED": 0.0,
      "SEVERITY.HIGH": 0.0,
      "SEVERITY.LOW": 0.0,
      "SEVERITY.MEDIUM": 0.0,
      "SEVERITY.UNDEFINED": 0.0,
      "loc": 80,
      "nosec": 0
    },
    "celery/backends/database/__init__.py": {
      "CONFIDENCE.HIGH": 0.0,
      "CONFIDENCE.LOW": 0.0,
      "CONFIDENCE.MEDIUM": 0.0,
      "CONFIDENCE.UNDEFINED": 0.0,
      "SEVERITY.HIGH": 0.0,
      "SEVERITY.LOW": 0.0,
      "SEVERITY.MEDIUM": 0.0,
      "SEVERITY.UNDEFINED": 0.0,
      "loc": 153,
      "nosec": 0
    },
    "celery/backends/database/models.py": {
      "CONFIDENCE.HIGH": 0.0,
      "CONFIDENCE.LOW": 0.0,
      "CONFIDENCE.MEDIUM": 0.0,
      "CONFIDENCE.UNDEFINED": 0.0,
      "SEVERITY.HIGH": 0.0,
      "SEVERITY.LOW": 0.0,
      "SEVERITY.MEDIUM": 0.0,
      "SEVERITY.UNDEFINED": 0.0,
      "loc": 56,
      "nosec": 0
    },
    "celery/backends/database/session.py": {
      "CONFIDENCE.HIGH": 0.0,
      "CONFIDENCE.LOW": 0.0,
      "CONFIDENCE.MEDIUM": 0.0,
      "CONFIDENCE.UNDEFINED": 0.0,
      "SEVERITY.HIGH": 0.0,
      "SEVERITY.LOW": 0.0,
      "SEVERITY.MEDIUM": 0.0,
      "SEVERITY.UNDEFINED": 0.0,
      "loc": 47,
      "nosec": 0
    },
    "celery/backends/dynamodb.py": {
      "CONFIDENCE.HIGH": 0.0,
      "CONFIDENCE.LOW": 0.0,
      "CONFIDENCE.MEDIUM": 0.0,
      "CONFIDENCE.UNDEFINED": 0.0,
      "SEVERITY.HIGH": 0.0,
      "SEVERITY.LOW": 0.0,
      "SEVERITY.MEDIUM": 0.0,
      "SEVERITY.UNDEFINED": 0.0,
      "loc": 227,
      "nosec": 0
    },
    "celery/backends/elasticsearch.py": {
      "CONFIDENCE.HIGH": 0.0,
      "CONFIDENCE.LOW": 0.0,
      "CONFIDENCE.MEDIUM": 0.0,
      "CONFIDENCE.UNDEFINED": 0.0,
      "SEVERITY.HIGH": 0.0,
      "SEVERITY.LOW": 0.0,
      "SEVERITY.MEDIUM": 0.0,
      "SEVERITY.UNDEFINED": 0.0,
      "loc": 113,
      "nosec": 0
    },
    "celery/backends/filesystem.py": {
      "CONFIDENCE.HIGH": 1.0,
      "CONFIDENCE.LOW": 0.0,
      "CONFIDENCE.MEDIUM": 0.0,
      "CONFIDENCE.UNDEFINED": 0.0,
      "SEVERITY.HIGH": 0.0,
      "SEVERITY.LOW": 1.0,
      "SEVERITY.MEDIUM": 0.0,
      "SEVERITY.UNDEFINED": 0.0,
      "loc": 67,
      "nosec": 0
    },
    "celery/backends/mongodb.py": {
      "CONFIDENCE.HIGH": 0.0,
      "CONFIDENCE.LOW": 0.0,
      "CONFIDENCE.MEDIUM": 0.0,
      "CONFIDENCE.UNDEFINED": 0.0,
      "SEVERITY.HIGH": 0.0,
      "SEVERITY.LOW": 0.0,
      "SEVERITY.MEDIUM": 0.0,
      "SEVERITY.UNDEFINED": 0.0,
      "loc": 233,
      "nosec": 0
    },
    "celery/backends/redis.py": {
      "CONFIDENCE.HIGH": 0.0,
      "CONFIDENCE.LOW": 0.0,
      "CONFIDENCE.MEDIUM": 0.0,
      "CONFIDENCE.UNDEFINED": 0.0,
      "SEVERITY.HIGH": 0.0,
      "SEVERITY.LOW": 0.0,
      "SEVERITY.MEDIUM": 0.0,
      "SEVERITY.UNDEFINED": 0.0,
      "loc": 379,
      "nosec": 0
    },
    "celery/backends/riak.py": {
      "CONFIDENCE.HIGH": 0.0,
      "CONFIDENCE.LOW": 0.0,
      "CONFIDENCE.MEDIUM": 0.0,
      "CONFIDENCE.UNDEFINED": 0.0,
      "SEVERITY.HIGH": 0.0,
      "SEVERITY.LOW": 0.0,
      "SEVERITY.MEDIUM": 0.0,
      "SEVERITY.UNDEFINED": 0.0,
      "loc": 99,
      "nosec": 0
    },
    "celery/backends/rpc.py": {
      "CONFIDENCE.HIGH": 0.0,
      "CONFIDENCE.LOW": 0.0,
      "CONFIDENCE.MEDIUM": 0.0,
      "CONFIDENCE.UNDEFINED": 0.0,
      "SEVERITY.HIGH": 0.0,
      "SEVERITY.LOW": 0.0,
      "SEVERITY.MEDIUM": 0.0,
      "SEVERITY.UNDEFINED": 0.0,
      "loc": 252,
      "nosec": 0
    },
    "celery/beat.py": {
      "CONFIDENCE.HIGH": 0.0,
      "CONFIDENCE.LOW": 0.0,
      "CONFIDENCE.MEDIUM": 0.0,
      "CONFIDENCE.UNDEFINED": 0.0,
      "SEVERITY.HIGH": 0.0,
      "SEVERITY.LOW": 0.0,
      "SEVERITY.MEDIUM": 0.0,
      "SEVERITY.UNDEFINED": 0.0,
      "loc": 522,
      "nosec": 0
    },
    "celery/bin/__init__.py": {
      "CONFIDENCE.HIGH": 0.0,
      "CONFIDENCE.LOW": 0.0,
      "CONFIDENCE.MEDIUM": 0.0,
      "CONFIDENCE.UNDEFINED": 0.0,
      "SEVERITY.HIGH": 0.0,
      "SEVERITY.LOW": 0.0,
      "SEVERITY.MEDIUM": 0.0,
      "SEVERITY.UNDEFINED": 0.0,
      "loc": 3,
      "nosec": 0
    },
    "celery/bin/amqp.py": {
      "CONFIDENCE.HIGH": 0.0,
      "CONFIDENCE.LOW": 0.0,
      "CONFIDENCE.MEDIUM": 0.0,
      "CONFIDENCE.UNDEFINED": 0.0,
      "SEVERITY.HIGH": 0.0,
      "SEVERITY.LOW": 0.0,
      "SEVERITY.MEDIUM": 0.0,
      "SEVERITY.UNDEFINED": 0.0,
      "loc": 290,
      "nosec": 0
    },
    "celery/bin/base.py": {
      "CONFIDENCE.HIGH": 2.0,
      "CONFIDENCE.LOW": 0.0,
      "CONFIDENCE.MEDIUM": 0.0,
      "CONFIDENCE.UNDEFINED": 0.0,
      "SEVERITY.HIGH": 1.0,
      "SEVERITY.LOW": 1.0,
      "SEVERITY.MEDIUM": 0.0,
      "SEVERITY.UNDEFINED": 0.0,
      "loc": 501,
      "nosec": 0
    },
    "celery/bin/beat.py": {
      "CONFIDENCE.HIGH": 0.0,
      "CONFIDENCE.LOW": 0.0,
      "CONFIDENCE.MEDIUM": 0.0,
      "CONFIDENCE.UNDEFINED": 0.0,
      "SEVERITY.HIGH": 0.0,
      "SEVERITY.LOW": 0.0,
      "SEVERITY.MEDIUM": 0.0,
      "SEVERITY.UNDEFINED": 0.0,
      "loc": 86,
      "nosec": 0
    },
    "celery/bin/call.py": {
      "CONFIDENCE.HIGH": 0.0,
      "CONFIDENCE.LOW": 0.0,
      "CONFIDENCE.MEDIUM": 0.0,
      "CONFIDENCE.UNDEFINED": 0.0,
      "SEVERITY.HIGH": 0.0,
      "SEVERITY.LOW": 0.0,
      "SEVERITY.MEDIUM": 0.0,
      "SEVERITY.UNDEFINED": 0.0,
      "loc": 64,
      "nosec": 0
    },
    "celery/bin/celery.py": {
      "CONFIDENCE.HIGH": 0.0,
      "CONFIDENCE.LOW": 0.0,
      "CONFIDENCE.MEDIUM": 0.0,
      "CONFIDENCE.UNDEFINED": 0.0,
      "SEVERITY.HIGH": 0.0,
      "SEVERITY.LOW": 0.0,
      "SEVERITY.MEDIUM": 0.0,
      "SEVERITY.UNDEFINED": 0.0,
      "loc": 370,
      "nosec": 0
    },
    "celery/bin/celeryd_detach.py": {
      "CONFIDENCE.HIGH": 0.0,
      "CONFIDENCE.LOW": 0.0,
      "CONFIDENCE.MEDIUM": 1.0,
      "CONFIDENCE.UNDEFINED": 0.0,
      "SEVERITY.HIGH": 0.0,
      "SEVERITY.LOW": 1.0,
      "SEVERITY.MEDIUM": 0.0,
      "SEVERITY.UNDEFINED": 0.0,
      "loc": 113,
      "nosec": 0
    },
    "celery/bin/control.py": {
      "CONFIDENCE.HIGH": 0.0,
      "CONFIDENCE.LOW": 0.0,
      "CONFIDENCE.MEDIUM": 0.0,
      "CONFIDENCE.UNDEFINED": 0.0,
      "SEVERITY.HIGH": 0.0,
      "SEVERITY.LOW": 0.0,
      "SEVERITY.MEDIUM": 0.0,
      "SEVERITY.UNDEFINED": 0.0,
      "loc": 195,
      "nosec": 0
    },
    "celery/bin/events.py": {
      "CONFIDENCE.HIGH": 0.0,
      "CONFIDENCE.LOW": 0.0,
      "CONFIDENCE.MEDIUM": 0.0,
      "CONFIDENCE.UNDEFINED": 0.0,
      "SEVERITY.HIGH": 0.0,
      "SEVERITY.LOW": 0.0,
      "SEVERITY.MEDIUM": 0.0,
      "SEVERITY.UNDEFINED": 0.0,
      "loc": 120,
      "nosec": 0
    },
    "celery/bin/graph.py": {
      "CONFIDENCE.HIGH": 0.0,
      "CONFIDENCE.LOW": 0.0,
      "CONFIDENCE.MEDIUM": 0.0,
      "CONFIDENCE.UNDEFINED": 0.0,
      "SEVERITY.HIGH": 0.0,
      "SEVERITY.LOW": 0.0,
      "SEVERITY.MEDIUM": 0.0,
      "SEVERITY.UNDEFINED": 0.0,
      "loc": 167,
      "nosec": 0
    },
    "celery/bin/list.py": {
      "CONFIDENCE.HIGH": 0.0,
      "CONFIDENCE.LOW": 0.0,
      "CONFIDENCE.MEDIUM": 0.0,
      "CONFIDENCE.UNDEFINED": 0.0,
      "SEVERITY.HIGH": 0.0,
      "SEVERITY.LOW": 0.0,
      "SEVERITY.MEDIUM": 0.0,
      "SEVERITY.UNDEFINED": 0.0,
      "loc": 36,
      "nosec": 0
    },
    "celery/bin/logtool.py": {
      "CONFIDENCE.HIGH": 0.0,
      "CONFIDENCE.LOW": 0.0,
      "CONFIDENCE.MEDIUM": 0.0,
      "CONFIDENCE.UNDEFINED": 0.0,
      "SEVERITY.HIGH": 0.0,
      "SEVERITY.LOW": 0.0,
      "SEVERITY.MEDIUM": 0.0,
      "SEVERITY.UNDEFINED": 0.0,
      "loc": 133,
      "nosec": 0
    },
    "celery/bin/migrate.py": {
      "CONFIDENCE.HIGH": 0.0,
      "CONFIDENCE.LOW": 0.0,
      "CONFIDENCE.MEDIUM": 0.0,
      "CONFIDENCE.UNDEFINED": 0.0,
      "SEVERITY.HIGH": 0.0,
      "SEVERITY.LOW": 0.0,
      "SEVERITY.MEDIUM": 0.0,
      "SEVERITY.UNDEFINED": 0.0,
      "loc": 54,
      "nosec": 0
    },
    "celery/bin/multi.py": {
      "CONFIDENCE.HIGH": 0.0,
      "CONFIDENCE.LOW": 0.0,
      "CONFIDENCE.MEDIUM": 0.0,
      "CONFIDENCE.UNDEFINED": 0.0,
      "SEVERITY.HIGH": 0.0,
      "SEVERITY.LOW": 0.0,
      "SEVERITY.MEDIUM": 0.0,
      "SEVERITY.UNDEFINED": 0.0,
      "loc": 356,
      "nosec": 0
    },
    "celery/bin/purge.py": {
      "CONFIDENCE.HIGH": 0.0,
      "CONFIDENCE.LOW": 0.0,
      "CONFIDENCE.MEDIUM": 0.0,
      "CONFIDENCE.UNDEFINED": 0.0,
      "SEVERITY.HIGH": 0.0,
      "SEVERITY.LOW": 0.0,
      "SEVERITY.MEDIUM": 0.0,
      "SEVERITY.UNDEFINED": 0.0,
      "loc": 59,
      "nosec": 0
    },
    "celery/bin/result.py": {
      "CONFIDENCE.HIGH": 0.0,
      "CONFIDENCE.LOW": 0.0,
      "CONFIDENCE.MEDIUM": 0.0,
      "CONFIDENCE.UNDEFINED": 0.0,
      "SEVERITY.HIGH": 0.0,
      "SEVERITY.LOW": 0.0,
      "SEVERITY.MEDIUM": 0.0,
      "SEVERITY.UNDEFINED": 0.0,
      "loc": 33,
      "nosec": 0
    },
    "celery/bin/shell.py": {
      "CONFIDENCE.HIGH": 0.0,
      "CONFIDENCE.LOW": 0.0,
      "CONFIDENCE.MEDIUM": 0.0,
      "CONFIDENCE.UNDEFINED": 0.0,
      "SEVERITY.HIGH": 0.0,
      "SEVERITY.LOW": 0.0,
      "SEVERITY.MEDIUM": 0.0,
      "SEVERITY.UNDEFINED": 0.0,
      "loc": 137,
      "nosec": 0
    },
    "celery/bin/upgrade.py": {
      "CONFIDENCE.HIGH": 0.0,
      "CONFIDENCE.LOW": 0.0,
      "CONFIDENCE.MEDIUM": 0.0,
      "CONFIDENCE.UNDEFINED": 0.0,
      "SEVERITY.HIGH": 0.0,
      "SEVERITY.LOW": 0.0,
      "SEVERITY.MEDIUM": 0.0,
      "SEVERITY.UNDEFINED": 0.0,
      "loc": 78,
      "nosec": 0
    },
    "celery/bin/worker.py": {
      "CONFIDENCE.HIGH": 0.0,
      "CONFIDENCE.LOW": 0.0,
      "CONFIDENCE.MEDIUM": 0.0,
      "CONFIDENCE.UNDEFINED": 0.0,
      "SEVERITY.HIGH": 0.0,
      "SEVERITY.LOW": 0.0,
      "SEVERITY.MEDIUM": 0.0,
      "SEVERITY.UNDEFINED": 0.0,
      "loc": 256,
      "nosec": 0
    },
    "celery/bootsteps.py": {
      "CONFIDENCE.HIGH": 0.0,
      "CONFIDENCE.LOW": 0.0,
      "CONFIDENCE.MEDIUM": 0.0,
      "CONFIDENCE.UNDEFINED": 0.0,
      "SEVERITY.HIGH": 0.0,
      "SEVERITY.LOW": 0.0,
      "SEVERITY.MEDIUM": 0.0,
      "SEVERITY.UNDEFINED": 0.0,
      "loc": 311,
      "nosec": 0
    },
    "celery/canvas.py": {
      "CONFIDENCE.HIGH": 0.0,
      "CONFIDENCE.LOW": 0.0,
      "CONFIDENCE.MEDIUM": 0.0,
      "CONFIDENCE.UNDEFINED": 0.0,
      "SEVERITY.HIGH": 0.0,
      "SEVERITY.LOW": 0.0,
      "SEVERITY.MEDIUM": 0.0,
      "SEVERITY.UNDEFINED": 0.0,
      "loc": 1052,
      "nosec": 0
    },
    "celery/concurrency/__init__.py": {
      "CONFIDENCE.HIGH": 0.0,
      "CONFIDENCE.LOW": 0.0,
      "CONFIDENCE.MEDIUM": 0.0,
      "CONFIDENCE.UNDEFINED": 0.0,
      "SEVERITY.HIGH": 0.0,
      "SEVERITY.LOW": 0.0,
      "SEVERITY.MEDIUM": 0.0,
      "SEVERITY.UNDEFINED": 0.0,
      "loc": 14,
      "nosec": 0
    },
    "celery/concurrency/asynpool.py": {
      "CONFIDENCE.HIGH": 17.0,
      "CONFIDENCE.LOW": 0.0,
      "CONFIDENCE.MEDIUM": 0.0,
      "CONFIDENCE.UNDEFINED": 0.0,
      "SEVERITY.HIGH": 0.0,
      "SEVERITY.LOW": 17.0,
      "SEVERITY.MEDIUM": 0.0,
      "SEVERITY.UNDEFINED": 0.0,
      "loc": 984,
      "nosec": 0
    },
    "celery/concurrency/base.py": {
      "CONFIDENCE.HIGH": 0.0,
      "CONFIDENCE.LOW": 0.0,
      "CONFIDENCE.MEDIUM": 0.0,
      "CONFIDENCE.UNDEFINED": 0.0,
      "SEVERITY.HIGH": 0.0,
      "SEVERITY.LOW": 0.0,
      "SEVERITY.MEDIUM": 0.0,
      "SEVERITY.UNDEFINED": 0.0,
      "loc": 126,
      "nosec": 0
    },
    "celery/concurrency/eventlet.py": {
      "CONFIDENCE.HIGH": 0.0,
      "CONFIDENCE.LOW": 0.0,
      "CONFIDENCE.MEDIUM": 0.0,
      "CONFIDENCE.UNDEFINED": 0.0,
      "SEVERITY.HIGH": 0.0,
      "SEVERITY.LOW": 0.0,
      "SEVERITY.MEDIUM": 0.0,
      "SEVERITY.UNDEFINED": 0.0,
      "loc": 114,
      "nosec": 0
    },
    "celery/concurrency/gevent.py": {
      "CONFIDENCE.HIGH": 0.0,
      "CONFIDENCE.LOW": 0.0,
      "CONFIDENCE.MEDIUM": 0.0,
      "CONFIDENCE.UNDEFINED": 0.0,
      "SEVERITY.HIGH": 0.0,
      "SEVERITY.LOW": 0.0,
      "SEVERITY.MEDIUM": 0.0,
      "SEVERITY.UNDEFINED": 0.0,
      "loc": 93,
      "nosec": 0
    },
    "celery/concurrency/prefork.py": {
      "CONFIDENCE.HIGH": 0.0,
      "CONFIDENCE.LOW": 0.0,
      "CONFIDENCE.MEDIUM": 0.0,
      "CONFIDENCE.UNDEFINED": 0.0,
      "SEVERITY.HIGH": 0.0,
      "SEVERITY.LOW": 0.0,
      "SEVERITY.MEDIUM": 0.0,
      "SEVERITY.UNDEFINED": 0.0,
      "loc": 128,
      "nosec": 0
    },
    "celery/concurrency/solo.py": {
      "CONFIDENCE.HIGH": 0.0,
      "CONFIDENCE.LOW": 0.0,
      "CONFIDENCE.MEDIUM": 0.0,
      "CONFIDENCE.UNDEFINED": 0.0,
      "SEVERITY.HIGH": 0.0,
      "SEVERITY.LOW": 0.0,
      "SEVERITY.MEDIUM": 0.0,
      "SEVERITY.UNDEFINED": 0.0,
      "loc": 20,
      "nosec": 0
    },
    "celery/contrib/__init__.py": {
      "CONFIDENCE.HIGH": 0.0,
      "CONFIDENCE.LOW": 0.0,
      "CONFIDENCE.MEDIUM": 0.0,
      "CONFIDENCE.UNDEFINED": 0.0,
      "SEVERITY.HIGH": 0.0,
      "SEVERITY.LOW": 0.0,
      "SEVERITY.MEDIUM": 0.0,
      "SEVERITY.UNDEFINED": 0.0,
      "loc": 0,
      "nosec": 0
    },
    "celery/contrib/abortable.py": {
      "CONFIDENCE.HIGH": 0.0,
      "CONFIDENCE.LOW": 0.0,
      "CONFIDENCE.MEDIUM": 0.0,
      "CONFIDENCE.UNDEFINED": 0.0,
      "SEVERITY.HIGH": 0.0,
      "SEVERITY.LOW": 0.0,
      "SEVERITY.MEDIUM": 0.0,
      "SEVERITY.UNDEFINED": 0.0,
      "loc": 115,
      "nosec": 0
    },
    "celery/contrib/migrate.py": {
      "CONFIDENCE.HIGH": 0.0,
      "CONFIDENCE.LOW": 0.0,
      "CONFIDENCE.MEDIUM": 0.0,
      "CONFIDENCE.UNDEFINED": 0.0,
      "SEVERITY.HIGH": 0.0,
      "SEVERITY.LOW": 0.0,
      "SEVERITY.MEDIUM": 0.0,
      "SEVERITY.UNDEFINED": 0.0,
      "loc": 324,
      "nosec": 0
    },
    "celery/contrib/pytest.py": {
      "CONFIDENCE.HIGH": 0.0,
      "CONFIDENCE.LOW": 0.0,
      "CONFIDENCE.MEDIUM": 0.0,
      "CONFIDENCE.UNDEFINED": 0.0,
      "SEVERITY.HIGH": 0.0,
      "SEVERITY.LOW": 0.0,
      "SEVERITY.MEDIUM": 0.0,
      "SEVERITY.UNDEFINED": 0.0,
      "loc": 132,
      "nosec": 0
    },
    "celery/contrib/rdb.py": {
      "CONFIDENCE.HIGH": 0.0,
      "CONFIDENCE.LOW": 0.0,
      "CONFIDENCE.MEDIUM": 0.0,
      "CONFIDENCE.UNDEFINED": 0.0,
      "SEVERITY.HIGH": 0.0,
      "SEVERITY.LOW": 0.0,
      "SEVERITY.MEDIUM": 0.0,
      "SEVERITY.UNDEFINED": 0.0,
      "loc": 144,
      "nosec": 0
    },
    "celery/contrib/sphinx.py": {
      "CONFIDENCE.HIGH": 0.0,
      "CONFIDENCE.LOW": 0.0,
      "CONFIDENCE.MEDIUM": 0.0,
      "CONFIDENCE.UNDEFINED": 0.0,
      "SEVERITY.HIGH": 0.0,
      "SEVERITY.LOW": 0.0,
      "SEVERITY.MEDIUM": 0.0,
      "SEVERITY.UNDEFINED": 0.0,
      "loc": 75,
      "nosec": 0
    },
    "celery/contrib/testing/__init__.py": {
      "CONFIDENCE.HIGH": 0.0,
      "CONFIDENCE.LOW": 0.0,
      "CONFIDENCE.MEDIUM": 0.0,
      "CONFIDENCE.UNDEFINED": 0.0,
      "SEVERITY.HIGH": 0.0,
      "SEVERITY.LOW": 0.0,
      "SEVERITY.MEDIUM": 0.0,
      "SEVERITY.UNDEFINED": 0.0,
      "loc": 0,
      "nosec": 0
    },
    "celery/contrib/testing/app.py": {
      "CONFIDENCE.HIGH": 0.0,
      "CONFIDENCE.LOW": 0.0,
      "CONFIDENCE.MEDIUM": 0.0,
      "CONFIDENCE.UNDEFINED": 0.0,
      "SEVERITY.HIGH": 0.0,
      "SEVERITY.LOW": 0.0,
      "SEVERITY.MEDIUM": 0.0,
      "SEVERITY.UNDEFINED": 0.0,
      "loc": 82,
      "nosec": 0
    },
    "celery/contrib/testing/manager.py": {
      "CONFIDENCE.HIGH": 0.0,
      "CONFIDENCE.LOW": 0.0,
      "CONFIDENCE.MEDIUM": 0.0,
      "CONFIDENCE.UNDEFINED": 0.0,
      "SEVERITY.HIGH": 0.0,
      "SEVERITY.LOW": 0.0,
      "SEVERITY.MEDIUM": 0.0,
      "SEVERITY.UNDEFINED": 0.0,
      "loc": 165,
      "nosec": 0
    },
    "celery/contrib/testing/mocks.py": {
      "CONFIDENCE.HIGH": 0.0,
      "CONFIDENCE.LOW": 0.0,
      "CONFIDENCE.MEDIUM": 0.0,
      "CONFIDENCE.UNDEFINED": 0.0,
      "SEVERITY.HIGH": 0.0,
      "SEVERITY.LOW": 0.0,
      "SEVERITY.MEDIUM": 0.0,
      "SEVERITY.UNDEFINED": 0.0,
      "loc": 82,
      "nosec": 0
    },
    "celery/contrib/testing/tasks.py": {
      "CONFIDENCE.HIGH": 0.0,
      "CONFIDENCE.LOW": 0.0,
      "CONFIDENCE.MEDIUM": 0.0,
      "CONFIDENCE.UNDEFINED": 0.0,
      "SEVERITY.HIGH": 0.0,
      "SEVERITY.LOW": 0.0,
      "SEVERITY.MEDIUM": 0.0,
      "SEVERITY.UNDEFINED": 0.0,
      "loc": 7,
      "nosec": 0
    },
    "celery/contrib/testing/worker.py": {
      "CONFIDENCE.HIGH": 2.0,
      "CONFIDENCE.LOW": 0.0,
      "CONFIDENCE.MEDIUM": 0.0,
      "CONFIDENCE.UNDEFINED": 0.0,
      "SEVERITY.HIGH": 0.0,
      "SEVERITY.LOW": 2.0,
      "SEVERITY.MEDIUM": 0.0,
      "SEVERITY.UNDEFINED": 0.0,
      "loc": 126,
      "nosec": 0
    },
    "celery/events/__init__.py": {
      "CONFIDENCE.HIGH": 0.0,
      "CONFIDENCE.LOW": 0.0,
      "CONFIDENCE.MEDIUM": 0.0,
      "CONFIDENCE.UNDEFINED": 0.0,
      "SEVERITY.HIGH": 0.0,
      "SEVERITY.LOW": 0.0,
      "SEVERITY.MEDIUM": 0.0,
      "SEVERITY.UNDEFINED": 0.0,
      "loc": 13,
      "nosec": 0
    },
    "celery/events/cursesmon.py": {
      "CONFIDENCE.HIGH": 1.0,
      "CONFIDENCE.LOW": 0.0,
      "CONFIDENCE.MEDIUM": 0.0,
      "CONFIDENCE.UNDEFINED": 0.0,
      "SEVERITY.HIGH": 0.0,
      "SEVERITY.LOW": 1.0,
      "SEVERITY.MEDIUM": 0.0,
      "SEVERITY.UNDEFINED": 0.0,
      "loc": 449,
      "nosec": 0
    },
    "celery/events/dispatcher.py": {
      "CONFIDENCE.HIGH": 0.0,
      "CONFIDENCE.LOW": 0.0,
      "CONFIDENCE.MEDIUM": 0.0,
      "CONFIDENCE.UNDEFINED": 0.0,
      "SEVERITY.HIGH": 0.0,
      "SEVERITY.LOW": 0.0,
      "SEVERITY.MEDIUM": 0.0,
      "SEVERITY.UNDEFINED": 0.0,
      "loc": 195,
      "nosec": 0
    },
    "celery/events/dumper.py": {
      "CONFIDENCE.HIGH": 0.0,
      "CONFIDENCE.LOW": 0.0,
      "CONFIDENCE.MEDIUM": 0.0,
      "CONFIDENCE.UNDEFINED": 0.0,
      "SEVERITY.HIGH": 0.0,
      "SEVERITY.LOW": 0.0,
      "SEVERITY.MEDIUM": 0.0,
      "SEVERITY.UNDEFINED": 0.0,
      "loc": 87,
      "nosec": 0
    },
    "celery/events/event.py": {
      "CONFIDENCE.HIGH": 0.0,
      "CONFIDENCE.LOW": 0.0,
      "CONFIDENCE.MEDIUM": 0.0,
      "CONFIDENCE.UNDEFINED": 0.0,
      "SEVERITY.HIGH": 0.0,
      "SEVERITY.LOW": 0.0,
      "SEVERITY.MEDIUM": 0.0,
      "SEVERITY.UNDEFINED": 0.0,
      "loc": 42,
      "nosec": 0
    },
    "celery/events/receiver.py": {
      "CONFIDENCE.HIGH": 0.0,
      "CONFIDENCE.LOW": 0.0,
      "CONFIDENCE.MEDIUM": 0.0,
      "CONFIDENCE.UNDEFINED": 0.0,
      "SEVERITY.HIGH": 0.0,
      "SEVERITY.LOW": 0.0,
      "SEVERITY.MEDIUM": 0.0,
      "SEVERITY.UNDEFINED": 0.0,
      "loc": 111,
      "nosec": 0
    },
    "celery/events/snapshot.py": {
      "CONFIDENCE.HIGH": 0.0,
      "CONFIDENCE.LOW": 0.0,
      "CONFIDENCE.MEDIUM": 0.0,
      "CONFIDENCE.UNDEFINED": 0.0,
      "SEVERITY.HIGH": 0.0,
      "SEVERITY.LOW": 0.0,
      "SEVERITY.MEDIUM": 0.0,
      "SEVERITY.UNDEFINED": 0.0,
      "loc": 89,
      "nosec": 0
    },
    "celery/events/state.py": {
      "CONFIDENCE.HIGH": 0.0,
      "CONFIDENCE.LOW": 0.0,
      "CONFIDENCE.MEDIUM": 0.0,
      "CONFIDENCE.UNDEFINED": 0.0,
      "SEVERITY.HIGH": 0.0,
      "SEVERITY.LOW": 0.0,
      "SEVERITY.MEDIUM": 0.0,
      "SEVERITY.UNDEFINED": 0.0,
      "loc": 570,
      "nosec": 0
    },
    "celery/exceptions.py": {
      "CONFIDENCE.HIGH": 0.0,
      "CONFIDENCE.LOW": 0.0,
      "CONFIDENCE.MEDIUM": 0.0,
      "CONFIDENCE.UNDEFINED": 0.0,
      "SEVERITY.HIGH": 0.0,
      "SEVERITY.LOW": 0.0,
      "SEVERITY.MEDIUM": 0.0,
      "SEVERITY.UNDEFINED": 0.0,
      "loc": 159,
      "nosec": 0
    },
    "celery/five.py": {
      "CONFIDENCE.HIGH": 0.0,
      "CONFIDENCE.LOW": 0.0,
      "CONFIDENCE.MEDIUM": 0.0,
      "CONFIDENCE.UNDEFINED": 0.0,
      "SEVERITY.HIGH": 0.0,
      "SEVERITY.LOW": 0.0,
      "SEVERITY.MEDIUM": 0.0,
      "SEVERITY.UNDEFINED": 0.0,
      "loc": 5,
      "nosec": 0
    },
    "celery/fixups/__init__.py": {
      "CONFIDENCE.HIGH": 0.0,
      "CONFIDENCE.LOW": 0.0,
      "CONFIDENCE.MEDIUM": 0.0,
      "CONFIDENCE.UNDEFINED": 0.0,
      "SEVERITY.HIGH": 0.0,
      "SEVERITY.LOW": 0.0,
      "SEVERITY.MEDIUM": 0.0,
      "SEVERITY.UNDEFINED": 0.0,
      "loc": 1,
      "nosec": 0
    },
    "celery/fixups/django.py": {
      "CONFIDENCE.HIGH": 0.0,
      "CONFIDENCE.LOW": 0.0,
      "CONFIDENCE.MEDIUM": 0.0,
      "CONFIDENCE.UNDEFINED": 0.0,
      "SEVERITY.HIGH": 0.0,
      "SEVERITY.LOW": 0.0,
      "SEVERITY.MEDIUM": 0.0,
      "SEVERITY.UNDEFINED": 0.0,
      "loc": 144,
      "nosec": 0
    },
    "celery/loaders/__init__.py": {
      "CONFIDENCE.HIGH": 0.0,
      "CONFIDENCE.LOW": 0.0,
      "CONFIDENCE.MEDIUM": 0.0,
      "CONFIDENCE.UNDEFINED": 0.0,
      "SEVERITY.HIGH": 0.0,
      "SEVERITY.LOW": 0.0,
      "SEVERITY.MEDIUM": 0.0,
      "SEVERITY.UNDEFINED": 0.0,
      "loc": 15,
      "nosec": 0
    },
    "celery/loaders/app.py": {
      "CONFIDENCE.HIGH": 0.0,
      "CONFIDENCE.LOW": 0.0,
      "CONFIDENCE.MEDIUM": 0.0,
      "CONFIDENCE.UNDEFINED": 0.0,
      "SEVERITY.HIGH": 0.0,
      "SEVERITY.LOW": 0.0,
      "SEVERITY.MEDIUM": 0.0,
      "SEVERITY.UNDEFINED": 0.0,
      "loc": 6,
      "nosec": 0
    },
    "celery/loaders/base.py": {
      "CONFIDENCE.HIGH": 0.0,
      "CONFIDENCE.LOW": 0.0,
      "CONFIDENCE.MEDIUM": 0.0,
      "CONFIDENCE.UNDEFINED": 0.0,
      "SEVERITY.HIGH": 0.0,
      "SEVERITY.LOW": 0.0,
      "SEVERITY.MEDIUM": 0.0,
      "SEVERITY.UNDEFINED": 0.0,
      "loc": 195,
      "nosec": 0
    },
    "celery/loaders/default.py": {
      "CONFIDENCE.HIGH": 0.0,
      "CONFIDENCE.LOW": 0.0,
      "CONFIDENCE.MEDIUM": 0.0,
      "CONFIDENCE.UNDEFINED": 0.0,
      "SEVERITY.HIGH": 0.0,
      "SEVERITY.LOW": 0.0,
      "SEVERITY.MEDIUM": 0.0,
      "SEVERITY.UNDEFINED": 0.0,
      "loc": 32,
      "nosec": 0
    },
    "celery/local.py": {
      "CONFIDENCE.HIGH": 0.0,
      "CONFIDENCE.LOW": 0.0,
      "CONFIDENCE.MEDIUM": 0.0,
      "CONFIDENCE.UNDEFINED": 0.0,
      "SEVERITY.HIGH": 0.0,
      "SEVERITY.LOW": 0.0,
      "SEVERITY.MEDIUM": 0.0,
      "SEVERITY.UNDEFINED": 0.0,
      "loc": 438,
      "nosec": 0
    },
    "celery/platforms.py": {
      "CONFIDENCE.HIGH": 1.0,
      "CONFIDENCE.LOW": 0.0,
      "CONFIDENCE.MEDIUM": 0.0,
      "CONFIDENCE.UNDEFINED": 0.0,
      "SEVERITY.HIGH": 0.0,
      "SEVERITY.LOW": 1.0,
      "SEVERITY.MEDIUM": 0.0,
      "SEVERITY.UNDEFINED": 0.0,
      "loc": 606,
      "nosec": 0
    },
    "celery/result.py": {
      "CONFIDENCE.HIGH": 0.0,
      "CONFIDENCE.LOW": 0.0,
      "CONFIDENCE.MEDIUM": 0.0,
      "CONFIDENCE.UNDEFINED": 0.0,
      "SEVERITY.HIGH": 0.0,
      "SEVERITY.LOW": 0.0,
      "SEVERITY.MEDIUM": 0.0,
      "SEVERITY.UNDEFINED": 0.0,
      "loc": 837,
      "nosec": 0
    },
    "celery/schedules.py": {
      "CONFIDENCE.HIGH": 0.0,
      "CONFIDENCE.LOW": 0.0,
      "CONFIDENCE.MEDIUM": 0.0,
      "CONFIDENCE.UNDEFINED": 0.0,
      "SEVERITY.HIGH": 0.0,
      "SEVERITY.LOW": 0.0,
      "SEVERITY.MEDIUM": 0.0,
      "SEVERITY.UNDEFINED": 0.0,
      "loc": 678,
      "nosec": 0
    },
    "celery/security/__init__.py": {
      "CONFIDENCE.HIGH": 0.0,
      "CONFIDENCE.LOW": 0.0,
      "CONFIDENCE.MEDIUM": 0.0,
      "CONFIDENCE.UNDEFINED": 0.0,
      "SEVERITY.HIGH": 0.0,
      "SEVERITY.LOW": 0.0,
      "SEVERITY.MEDIUM": 0.0,
      "SEVERITY.UNDEFINED": 0.0,
      "loc": 46,
      "nosec": 0
    },
    "celery/security/certificate.py": {
      "CONFIDENCE.HIGH": 1.0,
      "CONFIDENCE.LOW": 0.0,
      "CONFIDENCE.MEDIUM": 0.0,
      "CONFIDENCE.UNDEFINED": 0.0,
      "SEVERITY.HIGH": 0.0,
      "SEVERITY.LOW": 1.0,
      "SEVERITY.MEDIUM": 0.0,
      "SEVERITY.UNDEFINED": 0.0,
      "loc": 64,
      "nosec": 0
    },
    "celery/security/key.py": {
      "CONFIDENCE.HIGH": 0.0,
      "CONFIDENCE.LOW": 0.0,
      "CONFIDENCE.MEDIUM": 0.0,
      "CONFIDENCE.UNDEFINED": 0.0,
      "SEVERITY.HIGH": 0.0,
      "SEVERITY.LOW": 0.0,
      "SEVERITY.MEDIUM": 0.0,
      "SEVERITY.UNDEFINED": 0.0,
      "loc": 14,
      "nosec": 0
    },
    "celery/security/serialization.py": {
      "CONFIDENCE.HIGH": 3.0,
      "CONFIDENCE.LOW": 0.0,
      "CONFIDENCE.MEDIUM": 0.0,
      "CONFIDENCE.UNDEFINED": 0.0,
      "SEVERITY.HIGH": 0.0,
      "SEVERITY.LOW": 3.0,
      "SEVERITY.MEDIUM": 0.0,
      "SEVERITY.UNDEFINED": 0.0,
      "loc": 76,
      "nosec": 0
    },
    "celery/security/utils.py": {
      "CONFIDENCE.HIGH": 1.0,
      "CONFIDENCE.LOW": 0.0,
      "CONFIDENCE.MEDIUM": 0.0,
      "CONFIDENCE.UNDEFINED": 0.0,
      "SEVERITY.HIGH": 0.0,
      "SEVERITY.LOW": 1.0,
      "SEVERITY.MEDIUM": 0.0,
      "SEVERITY.UNDEFINED": 0.0,
      "loc": 22,
      "nosec": 0
    },
    "celery/signals.py": {
      "CONFIDENCE.HIGH": 0.0,
      "CONFIDENCE.LOW": 0.0,
      "CONFIDENCE.MEDIUM": 0.0,
      "CONFIDENCE.UNDEFINED": 0.0,
      "SEVERITY.HIGH": 0.0,
      "SEVERITY.LOW": 0.0,
      "SEVERITY.MEDIUM": 0.0,
      "SEVERITY.UNDEFINED": 0.0,
      "loc": 121,
      "nosec": 0
    },
    "celery/states.py": {
      "CONFIDENCE.HIGH": 0.0,
      "CONFIDENCE.LOW": 0.0,
      "CONFIDENCE.MEDIUM": 0.0,
      "CONFIDENCE.UNDEFINED": 0.0,
      "SEVERITY.HIGH": 0.0,
      "SEVERITY.LOW": 0.0,
      "SEVERITY.MEDIUM": 0.0,
      "SEVERITY.UNDEFINED": 0.0,
      "loc": 96,
      "nosec": 0
    },
    "celery/task/__init__.py": {
      "CONFIDENCE.HIGH": 0.0,
      "CONFIDENCE.LOW": 0.0,
      "CONFIDENCE.MEDIUM": 0.0,
      "CONFIDENCE.UNDEFINED": 0.0,
      "SEVERITY.HIGH": 0.0,
      "SEVERITY.LOW": 0.0,
      "SEVERITY.MEDIUM": 0.0,
      "SEVERITY.UNDEFINED": 0.0,
      "loc": 39,
      "nosec": 0
    },
    "celery/task/base.py": {
      "CONFIDENCE.HIGH": 0.0,
      "CONFIDENCE.LOW": 0.0,
      "CONFIDENCE.MEDIUM": 0.0,
      "CONFIDENCE.UNDEFINED": 0.0,
      "SEVERITY.HIGH": 0.0,
      "SEVERITY.LOW": 0.0,
      "SEVERITY.MEDIUM": 0.0,
      "SEVERITY.UNDEFINED": 0.0,
      "loc": 189,
      "nosec": 0
    },
    "celery/utils/__init__.py": {
      "CONFIDENCE.HIGH": 0.0,
      "CONFIDENCE.LOW": 0.0,
      "CONFIDENCE.MEDIUM": 0.0,
      "CONFIDENCE.UNDEFINED": 0.0,
      "SEVERITY.HIGH": 0.0,
      "SEVERITY.LOW": 0.0,
      "SEVERITY.MEDIUM": 0.0,
      "SEVERITY.UNDEFINED": 0.0,
      "loc": 18,
      "nosec": 0
    },
    "celery/utils/abstract.py": {
      "CONFIDENCE.HIGH": 0.0,
      "CONFIDENCE.LOW": 0.0,
      "CONFIDENCE.MEDIUM": 0.0,
      "CONFIDENCE.UNDEFINED": 0.0,
      "SEVERITY.HIGH": 0.0,
      "SEVERITY.LOW": 0.0,
      "SEVERITY.MEDIUM": 0.0,
      "SEVERITY.UNDEFINED": 0.0,
      "loc": 100,
      "nosec": 0
    },
    "celery/utils/collections.py": {
      "CONFIDENCE.HIGH": 0.0,
      "CONFIDENCE.LOW": 0.0,
      "CONFIDENCE.MEDIUM": 0.0,
      "CONFIDENCE.UNDEFINED": 0.0,
      "SEVERITY.HIGH": 0.0,
      "SEVERITY.LOW": 0.0,
      "SEVERITY.MEDIUM": 0.0,
      "SEVERITY.UNDEFINED": 0.0,
      "loc": 623,
      "nosec": 0
    },
    "celery/utils/debug.py": {
      "CONFIDENCE.HIGH": 0.0,
      "CONFIDENCE.LOW": 0.0,
      "CONFIDENCE.MEDIUM": 0.0,
      "CONFIDENCE.UNDEFINED": 0.0,
      "SEVERITY.HIGH": 0.0,
      "SEVERITY.LOW": 0.0,
      "SEVERITY.MEDIUM": 0.0,
      "SEVERITY.UNDEFINED": 0.0,
      "loc": 151,
      "nosec": 0
    },
    "celery/utils/deprecated.py": {
      "CONFIDENCE.HIGH": 0.0,
      "CONFIDENCE.LOW": 0.0,
      "CONFIDENCE.MEDIUM": 0.0,
      "CONFIDENCE.UNDEFINED": 0.0,
      "SEVERITY.HIGH": 0.0,
      "SEVERITY.LOW": 0.0,
      "SEVERITY.MEDIUM": 0.0,
      "SEVERITY.UNDEFINED": 0.0,
      "loc": 91,
      "nosec": 0
    },
    "celery/utils/dispatch/__init__.py": {
      "CONFIDENCE.HIGH": 0.0,
      "CONFIDENCE.LOW": 0.0,
      "CONFIDENCE.MEDIUM": 0.0,
      "CONFIDENCE.UNDEFINED": 0.0,
      "SEVERITY.HIGH": 0.0,
      "SEVERITY.LOW": 0.0,
      "SEVERITY.MEDIUM": 0.0,
      "SEVERITY.UNDEFINED": 0.0,
      "loc": 4,
      "nosec": 0
    },
    "celery/utils/dispatch/signal.py": {
      "CONFIDENCE.HIGH": 1.0,
      "CONFIDENCE.LOW": 0.0,
      "CONFIDENCE.MEDIUM": 0.0,
      "CONFIDENCE.UNDEFINED": 0.0,
      "SEVERITY.HIGH": 0.0,
      "SEVERITY.LOW": 1.0,
      "SEVERITY.MEDIUM": 0.0,
      "SEVERITY.UNDEFINED": 0.0,
      "loc": 272,
      "nosec": 0
    },
    "celery/utils/dispatch/weakref_backports.py": {
      "CONFIDENCE.HIGH": 0.0,
      "CONFIDENCE.LOW": 0.0,
      "CONFIDENCE.MEDIUM": 0.0,
      "CONFIDENCE.UNDEFINED": 0.0,
      "SEVERITY.HIGH": 0.0,
      "SEVERITY.LOW": 0.0,
      "SEVERITY.MEDIUM": 0.0,
      "SEVERITY.UNDEFINED": 0.0,
      "loc": 54,
      "nosec": 0
    },
    "celery/utils/encoding.py": {
      "CONFIDENCE.HIGH": 0.0,
      "CONFIDENCE.LOW": 0.0,
      "CONFIDENCE.MEDIUM": 0.0,
      "CONFIDENCE.UNDEFINED": 0.0,
      "SEVERITY.HIGH": 0.0,
      "SEVERITY.LOW": 0.0,
      "SEVERITY.MEDIUM": 0.0,
      "SEVERITY.UNDEFINED": 0.0,
      "loc": 6,
      "nosec": 0
    },
    "celery/utils/functional.py": {
      "CONFIDENCE.HIGH": 1.0,
      "CONFIDENCE.LOW": 0.0,
      "CONFIDENCE.MEDIUM": 0.0,
      "CONFIDENCE.UNDEFINED": 0.0,
      "SEVERITY.HIGH": 0.0,
      "SEVERITY.LOW": 0.0,
      "SEVERITY.MEDIUM": 1.0,
      "SEVERITY.UNDEFINED": 0.0,
      "loc": 261,
      "nosec": 0
    },
    "celery/utils/graph.py": {
      "CONFIDENCE.HIGH": 0.0,
      "CONFIDENCE.LOW": 0.0,
      "CONFIDENCE.MEDIUM": 0.0,
      "CONFIDENCE.UNDEFINED": 0.0,
      "SEVERITY.HIGH": 0.0,
      "SEVERITY.LOW": 0.0,
      "SEVERITY.MEDIUM": 0.0,
      "SEVERITY.UNDEFINED": 0.0,
      "loc": 247,
      "nosec": 0
    },
    "celery/utils/imports.py": {
      "CONFIDENCE.HIGH": 0.0,
      "CONFIDENCE.LOW": 0.0,
      "CONFIDENCE.MEDIUM": 0.0,
      "CONFIDENCE.UNDEFINED": 0.0,
      "SEVERITY.HIGH": 0.0,
      "SEVERITY.LOW": 0.0,
      "SEVERITY.MEDIUM": 0.0,
      "SEVERITY.UNDEFINED": 0.0,
      "loc": 121,
      "nosec": 0
    },
    "celery/utils/iso8601.py": {
      "CONFIDENCE.HIGH": 0.0,
      "CONFIDENCE.LOW": 0.0,
      "CONFIDENCE.MEDIUM": 0.0,
      "CONFIDENCE.UNDEFINED": 0.0,
      "SEVERITY.HIGH": 0.0,
      "SEVERITY.LOW": 0.0,
      "SEVERITY.MEDIUM": 0.0,
      "SEVERITY.UNDEFINED": 0.0,
      "loc": 63,
      "nosec": 0
    },
    "celery/utils/log.py": {
      "CONFIDENCE.HIGH": 0.0,
      "CONFIDENCE.LOW": 0.0,
      "CONFIDENCE.MEDIUM": 0.0,
      "CONFIDENCE.UNDEFINED": 0.0,
      "SEVERITY.HIGH": 0.0,
      "SEVERITY.LOW": 0.0,
      "SEVERITY.MEDIUM": 0.0,
      "SEVERITY.UNDEFINED": 0.0,
      "loc": 214,
      "nosec": 0
    },
    "celery/utils/nodenames.py": {
      "CONFIDENCE.HIGH": 0.0,
      "CONFIDENCE.LOW": 0.0,
      "CONFIDENCE.MEDIUM": 0.0,
      "CONFIDENCE.UNDEFINED": 0.0,
      "SEVERITY.HIGH": 0.0,
      "SEVERITY.LOW": 0.0,
      "SEVERITY.MEDIUM": 0.0,
      "SEVERITY.UNDEFINED": 0.0,
      "loc": 72,
      "nosec": 0
    },
    "celery/utils/objects.py": {
      "CONFIDENCE.HIGH": 0.0,
      "CONFIDENCE.LOW": 0.0,
      "CONFIDENCE.MEDIUM": 0.0,
      "CONFIDENCE.UNDEFINED": 0.0,
      "SEVERITY.HIGH": 0.0,
      "SEVERITY.LOW": 0.0,
      "SEVERITY.MEDIUM": 0.0,
      "SEVERITY.UNDEFINED": 0.0,
      "loc": 106,
      "nosec": 0
    },
    "celery/utils/saferepr.py": {
      "CONFIDENCE.HIGH": 0.0,
      "CONFIDENCE.LOW": 0.0,
      "CONFIDENCE.MEDIUM": 0.0,
      "CONFIDENCE.UNDEFINED": 0.0,
      "SEVERITY.HIGH": 0.0,
      "SEVERITY.LOW": 0.0,
      "SEVERITY.MEDIUM": 0.0,
      "SEVERITY.UNDEFINED": 0.0,
      "loc": 191,
      "nosec": 0
    },
    "celery/utils/serialization.py": {
      "CONFIDENCE.HIGH": 5.0,
      "CONFIDENCE.LOW": 0.0,
      "CONFIDENCE.MEDIUM": 0.0,
      "CONFIDENCE.UNDEFINED": 0.0,
      "SEVERITY.HIGH": 0.0,
      "SEVERITY.LOW": 4.0,
      "SEVERITY.MEDIUM": 1.0,
      "SEVERITY.UNDEFINED": 0.0,
      "loc": 228,
      "nosec": 0
    },
    "celery/utils/static/__init__.py": {
      "CONFIDENCE.HIGH": 0.0,
      "CONFIDENCE.LOW": 0.0,
      "CONFIDENCE.MEDIUM": 0.0,
      "CONFIDENCE.UNDEFINED": 0.0,
      "SEVERITY.HIGH": 0.0,
      "SEVERITY.LOW": 0.0,
      "SEVERITY.MEDIUM": 0.0,
      "SEVERITY.UNDEFINED": 0.0,
      "loc": 9,
      "nosec": 0
    },
    "celery/utils/sysinfo.py": {
      "CONFIDENCE.HIGH": 0.0,
      "CONFIDENCE.LOW": 0.0,
      "CONFIDENCE.MEDIUM": 0.0,
      "CONFIDENCE.UNDEFINED": 0.0,
      "SEVERITY.HIGH": 0.0,
      "SEVERITY.LOW": 0.0,
      "SEVERITY.MEDIUM": 0.0,
      "SEVERITY.UNDEFINED": 0.0,
      "loc": 33,
      "nosec": 0
    },
    "celery/utils/term.py": {
      "CONFIDENCE.HIGH": 0.0,
      "CONFIDENCE.LOW": 0.0,
      "CONFIDENCE.MEDIUM": 0.0,
      "CONFIDENCE.UNDEFINED": 0.0,
      "SEVERITY.HIGH": 0.0,
      "SEVERITY.LOW": 0.0,
      "SEVERITY.MEDIUM": 0.0,
      "SEVERITY.UNDEFINED": 0.0,
      "loc": 131,
      "nosec": 0
    },
    "celery/utils/text.py": {
      "CONFIDENCE.HIGH": 0.0,
      "CONFIDENCE.LOW": 0.0,
      "CONFIDENCE.MEDIUM": 0.0,
      "CONFIDENCE.UNDEFINED": 0.0,
      "SEVERITY.HIGH": 0.0,
      "SEVERITY.LOW": 0.0,
      "SEVERITY.MEDIUM": 0.0,
      "SEVERITY.UNDEFINED": 0.0,
      "loc": 127,
      "nosec": 0
    },
    "celery/utils/threads.py": {
      "CONFIDENCE.HIGH": 0.0,
      "CONFIDENCE.LOW": 0.0,
      "CONFIDENCE.MEDIUM": 0.0,
      "CONFIDENCE.UNDEFINED": 0.0,
      "SEVERITY.HIGH": 0.0,
      "SEVERITY.LOW": 0.0,
      "SEVERITY.MEDIUM": 0.0,
      "SEVERITY.UNDEFINED": 0.0,
      "loc": 258,
      "nosec": 0
    },
    "celery/utils/time.py": {
      "CONFIDENCE.HIGH": 1.0,
      "CONFIDENCE.LOW": 0.0,
      "CONFIDENCE.MEDIUM": 0.0,
      "CONFIDENCE.UNDEFINED": 0.0,
      "SEVERITY.HIGH": 0.0,
      "SEVERITY.LOW": 1.0,
      "SEVERITY.MEDIUM": 0.0,
      "SEVERITY.UNDEFINED": 0.0,
      "loc": 304,
      "nosec": 0
    },
    "celery/utils/timer2.py": {
      "CONFIDENCE.HIGH": 0.0,
      "CONFIDENCE.LOW": 0.0,
      "CONFIDENCE.MEDIUM": 0.0,
      "CONFIDENCE.UNDEFINED": 0.0,
      "SEVERITY.HIGH": 0.0,
      "SEVERITY.LOW": 0.0,
      "SEVERITY.MEDIUM": 0.0,
      "SEVERITY.UNDEFINED": 0.0,
      "loc": 119,
      "nosec": 0
    },
    "celery/worker/__init__.py": {
      "CONFIDENCE.HIGH": 0.0,
      "CONFIDENCE.LOW": 0.0,
      "CONFIDENCE.MEDIUM": 0.0,
      "CONFIDENCE.UNDEFINED": 0.0,
      "SEVERITY.HIGH": 0.0,
      "SEVERITY.LOW": 0.0,
      "SEVERITY.MEDIUM": 0.0,
      "SEVERITY.UNDEFINED": 0.0,
      "loc": 4,
      "nosec": 0
    },
    "celery/worker/autoscale.py": {
      "CONFIDENCE.HIGH": 1.0,
      "CONFIDENCE.LOW": 0.0,
      "CONFIDENCE.MEDIUM": 0.0,
      "CONFIDENCE.UNDEFINED": 0.0,
      "SEVERITY.HIGH": 0.0,
      "SEVERITY.LOW": 1.0,
      "SEVERITY.MEDIUM": 0.0,
      "SEVERITY.UNDEFINED": 0.0,
      "loc": 132,
      "nosec": 0
    },
    "celery/worker/components.py": {
      "CONFIDENCE.HIGH": 0.0,
      "CONFIDENCE.LOW": 0.0,
      "CONFIDENCE.MEDIUM": 0.0,
      "CONFIDENCE.UNDEFINED": 0.0,
      "SEVERITY.HIGH": 0.0,
      "SEVERITY.LOW": 0.0,
      "SEVERITY.MEDIUM": 0.0,
      "SEVERITY.UNDEFINED": 0.0,
      "loc": 190,
      "nosec": 0
    },
    "celery/worker/consumer/__init__.py": {
      "CONFIDENCE.HIGH": 0.0,
      "CONFIDENCE.LOW": 0.0,
      "CONFIDENCE.MEDIUM": 0.0,
      "CONFIDENCE.UNDEFINED": 0.0,
      "SEVERITY.HIGH": 0.0,
      "SEVERITY.LOW": 0.0,
      "SEVERITY.MEDIUM": 0.0,
      "SEVERITY.UNDEFINED": 0.0,
      "loc": 15,
      "nosec": 0
    },
    "celery/worker/consumer/agent.py": {
      "CONFIDENCE.HIGH": 0.0,
      "CONFIDENCE.LOW": 0.0,
      "CONFIDENCE.MEDIUM": 0.0,
      "CONFIDENCE.UNDEFINED": 0.0,
      "SEVERITY.HIGH": 0.0,
      "SEVERITY.LOW": 0.0,
      "SEVERITY.MEDIUM": 0.0,
      "SEVERITY.UNDEFINED": 0.0,
      "loc": 15,
      "nosec": 0
    },
    "celery/worker/consumer/connection.py": {
      "CONFIDENCE.HIGH": 0.0,
      "CONFIDENCE.LOW": 0.0,
      "CONFIDENCE.MEDIUM": 0.0,
      "CONFIDENCE.UNDEFINED": 0.0,
      "SEVERITY.HIGH": 0.0,
      "SEVERITY.LOW": 0.0,
      "SEVERITY.MEDIUM": 0.0,
      "SEVERITY.UNDEFINED": 0.0,
      "loc": 26,
      "nosec": 0
    },
    "celery/worker/consumer/consumer.py": {
      "CONFIDENCE.HIGH": 1.0,
      "CONFIDENCE.LOW": 0.0,
      "CONFIDENCE.MEDIUM": 0.0,
      "CONFIDENCE.UNDEFINED": 0.0,
      "SEVERITY.HIGH": 0.0,
      "SEVERITY.LOW": 1.0,
      "SEVERITY.MEDIUM": 0.0,
      "SEVERITY.UNDEFINED": 0.0,
      "loc": 469,
      "nosec": 0
    },
    "celery/worker/consumer/control.py": {
      "CONFIDENCE.HIGH": 0.0,
      "CONFIDENCE.LOW": 0.0,
      "CONFIDENCE.MEDIUM": 0.0,
      "CONFIDENCE.UNDEFINED": 0.0,
      "SEVERITY.HIGH": 0.0,
      "SEVERITY.LOW": 0.0,
      "SEVERITY.MEDIUM": 0.0,
      "SEVERITY.UNDEFINED": 0.0,
      "loc": 24,
      "nosec": 0
    },
    "celery/worker/consumer/events.py": {
      "CONFIDENCE.HIGH": 0.0,
      "CONFIDENCE.LOW": 0.0,
      "CONFIDENCE.MEDIUM": 0.0,
      "CONFIDENCE.UNDEFINED": 0.0,
      "SEVERITY.HIGH": 0.0,
      "SEVERITY.LOW": 0.0,
      "SEVERITY.MEDIUM": 0.0,
      "SEVERITY.UNDEFINED": 0.0,
      "loc": 50,
      "nosec": 0
    },
    "celery/worker/consumer/gossip.py": {
      "CONFIDENCE.HIGH": 0.0,
      "CONFIDENCE.LOW": 0.0,
      "CONFIDENCE.MEDIUM": 0.0,
      "CONFIDENCE.UNDEFINED": 0.0,
      "SEVERITY.HIGH": 0.0,
      "SEVERITY.LOW": 0.0,
      "SEVERITY.MEDIUM": 0.0,
      "SEVERITY.UNDEFINED": 0.0,
      "loc": 171,
      "nosec": 0
    },
    "celery/worker/consumer/heart.py": {
      "CONFIDENCE.HIGH": 0.0,
      "CONFIDENCE.LOW": 0.0,
      "CONFIDENCE.MEDIUM": 0.0,
      "CONFIDENCE.UNDEFINED": 0.0,
      "SEVERITY.HIGH": 0.0,
      "SEVERITY.LOW": 0.0,
      "SEVERITY.MEDIUM": 0.0,
      "SEVERITY.UNDEFINED": 0.0,
      "loc": 27,
      "nosec": 0
    },
    "celery/worker/consumer/mingle.py": {
      "CONFIDENCE.HIGH": 0.0,
      "CONFIDENCE.LOW": 0.0,
      "CONFIDENCE.MEDIUM": 0.0,
      "CONFIDENCE.UNDEFINED": 0.0,
      "SEVERITY.HIGH": 0.0,
      "SEVERITY.LOW": 0.0,
      "SEVERITY.MEDIUM": 0.0,
      "SEVERITY.UNDEFINED": 0.0,
      "loc": 60,
      "nosec": 0
    },
    "celery/worker/consumer/tasks.py": {
      "CONFIDENCE.HIGH": 0.0,
      "CONFIDENCE.LOW": 0.0,
      "CONFIDENCE.MEDIUM": 0.0,
      "CONFIDENCE.UNDEFINED": 0.0,
      "SEVERITY.HIGH": 0.0,
      "SEVERITY.LOW": 0.0,
      "SEVERITY.MEDIUM": 0.0,
      "SEVERITY.UNDEFINED": 0.0,
      "loc": 46,
      "nosec": 0
    },
    "celery/worker/control.py": {
      "CONFIDENCE.HIGH": 0.0,
      "CONFIDENCE.LOW": 0.0,
      "CONFIDENCE.MEDIUM": 0.0,
      "CONFIDENCE.UNDEFINED": 0.0,
      "SEVERITY.HIGH": 0.0,
      "SEVERITY.LOW": 0.0,
      "SEVERITY.MEDIUM": 0.0,
      "SEVERITY.UNDEFINED": 0.0,
      "loc": 425,
      "nosec": 0
    },
    "celery/worker/heartbeat.py": {
      "CONFIDENCE.HIGH": 0.0,
      "CONFIDENCE.LOW": 0.0,
      "CONFIDENCE.MEDIUM": 0.0,
      "CONFIDENCE.UNDEFINED": 0.0,
      "SEVERITY.HIGH": 0.0,
      "SEVERITY.LOW": 0.0,
      "SEVERITY.MEDIUM": 0.0,
      "SEVERITY.UNDEFINED": 0.0,
      "loc": 47,
      "nosec": 0
    },
    "celery/worker/loops.py": {
      "CONFIDENCE.HIGH": 0.0,
      "CONFIDENCE.LOW": 0.0,
      "CONFIDENCE.MEDIUM": 0.0,
      "CONFIDENCE.UNDEFINED": 0.0,
      "SEVERITY.HIGH": 0.0,
      "SEVERITY.LOW": 0.0,
      "SEVERITY.MEDIUM": 0.0,
      "SEVERITY.UNDEFINED": 0.0,
      "loc": 86,
      "nosec": 0
    },
    "celery/worker/pidbox.py": {
      "CONFIDENCE.HIGH": 0.0,
      "CONFIDENCE.LOW": 0.0,
      "CONFIDENCE.MEDIUM": 0.0,
      "CONFIDENCE.UNDEFINED": 0.0,
      "SEVERITY.HIGH": 0.0,
      "SEVERITY.LOW": 0.0,
      "SEVERITY.MEDIUM": 0.0,
      "SEVERITY.UNDEFINED": 0.0,
      "loc": 97,
      "nosec": 0
    },
    "celery/worker/request.py": {
      "CONFIDENCE.HIGH": 0.0,
      "CONFIDENCE.LOW": 0.0,
      "CONFIDENCE.MEDIUM": 0.0,
      "CONFIDENCE.UNDEFINED": 0.0,
      "SEVERITY.HIGH": 0.0,
      "SEVERITY.LOW": 0.0,
      "SEVERITY.MEDIUM": 0.0,
      "SEVERITY.UNDEFINED": 0.0,
      "loc": 444,
      "nosec": 0
    },
    "celery/worker/state.py": {
      "CONFIDENCE.HIGH": 0.0,
      "CONFIDENCE.LOW": 0.0,
      "CONFIDENCE.MEDIUM": 0.0,
      "CONFIDENCE.UNDEFINED": 0.0,
      "SEVERITY.HIGH": 0.0,
      "SEVERITY.LOW": 0.0,
      "SEVERITY.MEDIUM": 0.0,
      "SEVERITY.UNDEFINED": 0.0,
      "loc": 199,
      "nosec": 0
    },
    "celery/worker/strategy.py": {
      "CONFIDENCE.HIGH": 0.0,
      "CONFIDENCE.LOW": 0.0,
      "CONFIDENCE.MEDIUM": 0.0,
      "CONFIDENCE.UNDEFINED": 0.0,
      "SEVERITY.HIGH": 0.0,
      "SEVERITY.LOW": 0.0,
      "SEVERITY.MEDIUM": 0.0,
      "SEVERITY.UNDEFINED": 0.0,
      "loc": 169,
      "nosec": 0
    },
    "celery/worker/worker.py": {
      "CONFIDENCE.HIGH": 0.0,
      "CONFIDENCE.LOW": 0.0,
      "CONFIDENCE.MEDIUM": 0.0,
      "CONFIDENCE.UNDEFINED": 0.0,
      "SEVERITY.HIGH": 0.0,
      "SEVERITY.LOW": 0.0,
      "SEVERITY.MEDIUM": 0.0,
      "SEVERITY.UNDEFINED": 0.0,
      "loc": 337,
      "nosec": 0
    }
  },
  "results": [
    {
      "code": "10 from functools import partial\n11 from subprocess import Popen\n12 from time import sleep\n",
      "filename": "celery/apps/multi.py",
      "issue_confidence": "HIGH",
      "issue_severity": "LOW",
      "issue_text": "Consider possible security implications associated with Popen module.",
      "line_number": 11,
      "line_range": [
        11
      ],
      "more_info": "https://bandit.readthedocs.io/en/latest/blacklists/blacklist_imports.html#b404-import-subprocess",
      "test_id": "B404",
      "test_name": "blacklist"
    },
    {
      "code": "195         maybe_call(on_spawn, self, argstr=' '.join(argstr), env=env)\n196         pipe = Popen(argstr, env=env)\n197         return self.handle_process_exit(\n",
      "filename": "celery/apps/multi.py",
      "issue_confidence": "HIGH",
      "issue_severity": "LOW",
      "issue_text": "subprocess call - check for execution of untrusted input.",
      "line_number": 196,
      "line_range": [
        196
      ],
      "more_info": "https://bandit.readthedocs.io/en/latest/plugins/b603_subprocess_without_shell_equals_true.html",
      "test_id": "B603",
      "test_name": "subprocess_without_shell_equals_true"
    },
    {
      "code": "320     ])\n321     os.execv(sys.executable, [sys.executable] + sys.argv)\n322 \n",
      "filename": "celery/apps/worker.py",
      "issue_confidence": "MEDIUM",
      "issue_severity": "LOW",
      "issue_text": "Starting a process without a shell.",
      "line_number": 321,
      "line_range": [
        321
      ],
      "more_info": "https://bandit.readthedocs.io/en/latest/plugins/b606_start_process_with_no_shell.html",
      "test_id": "B606",
      "test_name": "start_process_with_no_shell"
    },
    {
      "code": "66             self.set(key, b'test value')\n67             assert self.get(key) == b'test value'\n68             self.delete(key)\n",
      "filename": "celery/backends/filesystem.py",
      "issue_confidence": "HIGH",
      "issue_severity": "LOW",
      "issue_text": "Use of assert detected. The enclosed code will be removed when compiling to optimised byte code.",
      "line_number": 67,
      "line_range": [
        67
      ],
      "more_info": "https://bandit.readthedocs.io/en/latest/plugins/b101_assert_used.html",
      "test_id": "B101",
      "test_name": "assert_used"
    },
    {
      "code": "342         while 1:\n343             val = input(p).lower()\n344             if val in choices:\n",
      "filename": "celery/bin/base.py",
      "issue_confidence": "HIGH",
      "issue_severity": "HIGH",
      "issue_text": "The input method in Python 2 will read from standard input, evaluate and run the resulting string as python source code. This is similar, though in many ways worse, then using eval. On Python 2, use raw_input instead, input is safe in Python 3.",
      "line_number": 343,
      "line_range": [
        343
      ],
      "more_info": "https://bandit.readthedocs.io/en/latest/blacklists/blacklist_calls.html#b322-input",
      "test_id": "B322",
      "test_name": "blacklist"
    },
    {
      "code": "540                     in_option = m.groups()[0].strip()\n541                 assert in_option, 'missing long opt'\n542             elif in_option and line.startswith(' ' * 4):\n",
      "filename": "celery/bin/base.py",
      "issue_confidence": "HIGH",
      "issue_severity": "LOW",
      "issue_text": "Use of assert detected. The enclosed code will be removed when compiling to optimised byte code.",
      "line_number": 541,
      "line_range": [
        541
      ],
      "more_info": "https://bandit.readthedocs.io/en/latest/plugins/b101_assert_used.html",
      "test_id": "B101",
      "test_name": "assert_used"
    },
    {
      "code": "38                 path = executable\n39             os.execv(path, [path] + argv)\n40         except Exception:  # pylint: disable=broad-except\n",
      "filename": "celery/bin/celeryd_detach.py",
      "issue_confidence": "MEDIUM",
      "issue_severity": "LOW",
      "issue_text": "Starting a process without a shell.",
      "line_number": 39,
      "line_range": [
        39
      ],
      "more_info": "https://bandit.readthedocs.io/en/latest/plugins/b606_start_process_with_no_shell.html",
      "test_id": "B606",
      "test_name": "start_process_with_no_shell"
    },
    {
      "code": "28 from numbers import Integral\n29 from pickle import HIGHEST_PROTOCOL\n30 from time import sleep\n",
      "filename": "celery/concurrency/asynpool.py",
      "issue_confidence": "HIGH",
      "issue_severity": "LOW",
      "issue_text": "Consider possible security implications associated with HIGHEST_PROTOCOL module.",
      "line_number": 29,
      "line_range": [
        29
      ],
      "more_info": "https://bandit.readthedocs.io/en/latest/blacklists/blacklist_imports.html#b403-import-pickle",
      "test_id": "B403",
      "test_name": "blacklist"
    },
    {
      "code": "574                     proc in waiting_to_start):\n575                 assert proc.outqR_fd in fileno_to_outq\n576                 assert fileno_to_outq[proc.outqR_fd] is proc\n",
      "filename": "celery/concurrency/asynpool.py",
      "issue_confidence": "HIGH",
      "issue_severity": "LOW",
      "issue_text": "Use of assert detected. The enclosed code will be removed when compiling to optimised byte code.",
      "line_number": 575,
      "line_range": [
        575
      ],
      "more_info": "https://bandit.readthedocs.io/en/latest/plugins/b101_assert_used.html",
      "test_id": "B101",
      "test_name": "assert_used"
    },
    {
      "code": "575                 assert proc.outqR_fd in fileno_to_outq\n576                 assert fileno_to_outq[proc.outqR_fd] is proc\n577                 assert proc.outqR_fd in hub.readers\n",
      "filename": "celery/concurrency/asynpool.py",
      "issue_confidence": "HIGH",
      "issue_severity": "LOW",
      "issue_text": "Use of assert detected. The enclosed code will be removed when compiling to optimised byte code.",
      "line_number": 576,
      "line_range": [
        576
      ],
      "more_info": "https://bandit.readthedocs.io/en/latest/plugins/b101_assert_used.html",
      "test_id": "B101",
      "test_name": "assert_used"
    },
    {
      "code": "576                 assert fileno_to_outq[proc.outqR_fd] is proc\n577                 assert proc.outqR_fd in hub.readers\n578                 error('Timed out waiting for UP message from %r', proc)\n",
      "filename": "celery/concurrency/asynpool.py",
      "issue_confidence": "HIGH",
      "issue_severity": "LOW",
      "issue_text": "Use of assert detected. The enclosed code will be removed when compiling to optimised byte code.",
      "line_number": 577,
      "line_range": [
        577
      ],
      "more_info": "https://bandit.readthedocs.io/en/latest/plugins/b101_assert_used.html",
      "test_id": "B101",
      "test_name": "assert_used"
    },
    {
      "code": "597 \n598             assert not isblocking(proc.outq._reader)\n599 \n600             # handle_result_event is called when the processes outqueue is\n601             # readable.\n602             add_reader(proc.outqR_fd, handle_result_event, proc.outqR_fd)\n",
      "filename": "celery/concurrency/asynpool.py",
      "issue_confidence": "HIGH",
      "issue_severity": "LOW",
      "issue_text": "Use of assert detected. The enclosed code will be removed when compiling to optimised byte code.",
      "line_number": 598,
      "line_range": [
        598,
        599,
        600,
        601
      ],
      "more_info": "https://bandit.readthedocs.io/en/latest/plugins/b101_assert_used.html",
      "test_id": "B101",
      "test_name": "assert_used"
    },
    {
      "code": "1048         synq = None\n1049         assert isblocking(inq._reader)\n1050         assert not isblocking(inq._writer)\n",
      "filename": "celery/concurrency/asynpool.py",
      "issue_confidence": "HIGH",
      "issue_severity": "LOW",
      "issue_text": "Use of assert detected. The enclosed code will be removed when compiling to optimised byte code.",
      "line_number": 1049,
      "line_range": [
        1049
      ],
      "more_info": "https://bandit.readthedocs.io/en/latest/plugins/b101_assert_used.html",
      "test_id": "B101",
      "test_name": "assert_used"
    },
    {
      "code": "1049         assert isblocking(inq._reader)\n1050         assert not isblocking(inq._writer)\n1051         assert not isblocking(outq._reader)\n",
      "filename": "celery/concurrency/asynpool.py",
      "issue_confidence": "HIGH",
      "issue_severity": "LOW",
      "issue_text": "Use of assert detected. The enclosed code will be removed when compiling to optimised byte code.",
      "line_number": 1050,
      "line_range": [
        1050
      ],
      "more_info": "https://bandit.readthedocs.io/en/latest/plugins/b101_assert_used.html",
      "test_id": "B101",
      "test_name": "assert_used"
    },
    {
      "code": "1050         assert not isblocking(inq._writer)\n1051         assert not isblocking(outq._reader)\n1052         assert isblocking(outq._writer)\n",
      "filename": "celery/concurrency/asynpool.py",
      "issue_confidence": "HIGH",
      "issue_severity": "LOW",
      "issue_text": "Use of assert detected. The enclosed code will be removed when compiling to optimised byte code.",
      "line_number": 1051,
      "line_range": [
        1051
      ],
      "more_info": "https://bandit.readthedocs.io/en/latest/plugins/b101_assert_used.html",
      "test_id": "B101",
      "test_name": "assert_used"
    },
    {
      "code": "1051         assert not isblocking(outq._reader)\n1052         assert isblocking(outq._writer)\n1053         if self.synack:\n",
      "filename": "celery/concurrency/asynpool.py",
      "issue_confidence": "HIGH",
      "issue_severity": "LOW",
      "issue_text": "Use of assert detected. The enclosed code will be removed when compiling to optimised byte code.",
      "line_number": 1052,
      "line_range": [
        1052
      ],
      "more_info": "https://bandit.readthedocs.io/en/latest/plugins/b101_assert_used.html",
      "test_id": "B101",
      "test_name": "assert_used"
    },
    {
      "code": "1054             synq = _SimpleQueue(wnonblock=True)\n1055             assert isblocking(synq._reader)\n1056             assert not isblocking(synq._writer)\n",
      "filename": "celery/concurrency/asynpool.py",
      "issue_confidence": "HIGH",
      "issue_severity": "LOW",
      "issue_text": "Use of assert detected. The enclosed code will be removed when compiling to optimised byte code.",
      "line_number": 1055,
      "line_range": [
        1055
      ],
      "more_info": "https://bandit.readthedocs.io/en/latest/plugins/b101_assert_used.html",
      "test_id": "B101",
      "test_name": "assert_used"
    },
    {
      "code": "1055             assert isblocking(synq._reader)\n1056             assert not isblocking(synq._writer)\n1057         return inq, outq, synq\n",
      "filename": "celery/concurrency/asynpool.py",
      "issue_confidence": "HIGH",
      "issue_severity": "LOW",
      "issue_text": "Use of assert detected. The enclosed code will be removed when compiling to optimised byte code.",
      "line_number": 1056,
      "line_range": [
        1056
      ],
      "more_info": "https://bandit.readthedocs.io/en/latest/plugins/b101_assert_used.html",
      "test_id": "B101",
      "test_name": "assert_used"
    },
    {
      "code": "1067             return logger.warning('process with pid=%s already exited', pid)\n1068         assert proc.inqW_fd not in self._fileno_to_inq\n1069         assert proc.inqW_fd not in self._all_inqueues\n",
      "filename": "celery/concurrency/asynpool.py",
      "issue_confidence": "HIGH",
      "issue_severity": "LOW",
      "issue_text": "Use of assert detected. The enclosed code will be removed when compiling to optimised byte code.",
      "line_number": 1068,
      "line_range": [
        1068
      ],
      "more_info": "https://bandit.readthedocs.io/en/latest/plugins/b101_assert_used.html",
      "test_id": "B101",
      "test_name": "assert_used"
    },
    {
      "code": "1068         assert proc.inqW_fd not in self._fileno_to_inq\n1069         assert proc.inqW_fd not in self._all_inqueues\n1070         self._waiting_to_start.discard(proc)\n",
      "filename": "celery/concurrency/asynpool.py",
      "issue_confidence": "HIGH",
      "issue_severity": "LOW",
      "issue_text": "Use of assert detected. The enclosed code will be removed when compiling to optimised byte code.",
      "line_number": 1069,
      "line_range": [
        1069
      ],
      "more_info": "https://bandit.readthedocs.io/en/latest/plugins/b101_assert_used.html",
      "test_id": "B101",
      "test_name": "assert_used"
    },
    {
      "code": "1147         \"\"\"Mark new ownership for ``queues`` to update fileno indices.\"\"\"\n1148         assert queues in self._queues\n1149         b = len(self._queues)\n",
      "filename": "celery/concurrency/asynpool.py",
      "issue_confidence": "HIGH",
      "issue_severity": "LOW",
      "issue_text": "Use of assert detected. The enclosed code will be removed when compiling to optimised byte code.",
      "line_number": 1148,
      "line_range": [
        1148
      ],
      "more_info": "https://bandit.readthedocs.io/en/latest/plugins/b101_assert_used.html",
      "test_id": "B101",
      "test_name": "assert_used"
    },
    {
      "code": "1150         self._queues[queues] = proc\n1151         assert b == len(self._queues)\n1152 \n",
      "filename": "celery/concurrency/asynpool.py",
      "issue_confidence": "HIGH",
      "issue_severity": "LOW",
      "issue_text": "Use of assert detected. The enclosed code will be removed when compiling to optimised byte code.",
      "line_number": 1151,
      "line_range": [
        1151
      ],
      "more_info": "https://bandit.readthedocs.io/en/latest/plugins/b101_assert_used.html",
      "test_id": "B101",
      "test_name": "assert_used"
    },
    {
      "code": "1230                 pass\n1231             assert len(self._queues) == before\n1232 \n",
      "filename": "celery/concurrency/asynpool.py",
      "issue_confidence": "HIGH",
      "issue_severity": "LOW",
      "issue_text": "Use of assert detected. The enclosed code will be removed when compiling to optimised byte code.",
      "line_number": 1231,
      "line_range": [
        1231
      ],
      "more_info": "https://bandit.readthedocs.io/en/latest/plugins/b101_assert_used.html",
      "test_id": "B101",
      "test_name": "assert_used"
    },
    {
      "code": "1237         \"\"\"\n1238         assert not proc._is_alive()\n1239         self._waiting_to_start.discard(proc)\n",
      "filename": "celery/concurrency/asynpool.py",
      "issue_confidence": "HIGH",
      "issue_severity": "LOW",
      "issue_text": "Use of assert detected. The enclosed code will be removed when compiling to optimised byte code.",
      "line_number": 1238,
      "line_range": [
        1238
      ],
      "more_info": "https://bandit.readthedocs.io/en/latest/plugins/b101_assert_used.html",
      "test_id": "B101",
      "test_name": "assert_used"
    },
    {
      "code": "81             with allow_join_result():\n82                 assert ping.delay().get(timeout=ping_task_timeout) == 'pong'\n83 \n",
      "filename": "celery/contrib/testing/worker.py",
      "issue_confidence": "HIGH",
      "issue_severity": "LOW",
      "issue_text": "Use of assert detected. The enclosed code will be removed when compiling to optimised byte code.",
      "line_number": 82,
      "line_range": [
        82
      ],
      "more_info": "https://bandit.readthedocs.io/en/latest/plugins/b101_assert_used.html",
      "test_id": "B101",
      "test_name": "assert_used"
    },
    {
      "code": "102     setup_app_for_worker(app, loglevel, logfile)\n103     assert 'celery.ping' in app.tasks\n104     # Make sure we can connect to the broker\n105     with app.connection(hostname=os.environ.get('TEST_BROKER')) as conn:\n",
      "filename": "celery/contrib/testing/worker.py",
      "issue_confidence": "HIGH",
      "issue_severity": "LOW",
      "issue_text": "Use of assert detected. The enclosed code will be removed when compiling to optimised byte code.",
      "line_number": 103,
      "line_range": [
        103,
        104
      ],
      "more_info": "https://bandit.readthedocs.io/en/latest/plugins/b101_assert_used.html",
      "test_id": "B101",
      "test_name": "assert_used"
    },
    {
      "code": "173                 return self.win.getkey().upper()\n174             except Exception:  # pylint: disable=broad-except\n175                 pass\n",
      "filename": "celery/events/cursesmon.py",
      "issue_confidence": "HIGH",
      "issue_severity": "LOW",
      "issue_text": "Try, Except, Pass detected.",
      "line_number": 174,
      "line_range": [
        174
      ],
      "more_info": "https://bandit.readthedocs.io/en/latest/plugins/b110_try_except_pass.html",
      "test_id": "B110",
      "test_name": "try_except_pass"
    },
    {
      "code": "479         max_groups = os.sysconf('SC_NGROUPS_MAX')\n480     except Exception:  # pylint: disable=broad-except\n481         pass\n",
      "filename": "celery/platforms.py",
      "issue_confidence": "HIGH",
      "issue_severity": "LOW",
      "issue_text": "Try, Except, Pass detected.",
      "line_number": 480,
      "line_range": [
        480
      ],
      "more_info": "https://bandit.readthedocs.io/en/latest/plugins/b110_try_except_pass.html",
      "test_id": "B110",
      "test_name": "try_except_pass"
    },
    {
      "code": "21     def __init__(self, cert):\n22         assert crypto is not None\n23         with reraise_errors('Invalid certificate: {0!r}'):\n",
      "filename": "celery/security/certificate.py",
      "issue_confidence": "HIGH",
      "issue_severity": "LOW",
      "issue_text": "Use of assert detected. The enclosed code will be removed when compiling to optimised byte code.",
      "line_number": 22,
      "line_range": [
        22
      ],
      "more_info": "https://bandit.readthedocs.io/en/latest/plugins/b101_assert_used.html",
      "test_id": "B101",
      "test_name": "assert_used"
    },
    {
      "code": "30         \"\"\"Serialize data structure into string.\"\"\"\n31         assert self._key is not None\n32         assert self._cert is not None\n",
      "filename": "celery/security/serialization.py",
      "issue_confidence": "HIGH",
      "issue_severity": "LOW",
      "issue_text": "Use of assert detected. The enclosed code will be removed when compiling to optimised byte code.",
      "line_number": 31,
      "line_range": [
        31
      ],
      "more_info": "https://bandit.readthedocs.io/en/latest/plugins/b101_assert_used.html",
      "test_id": "B101",
      "test_name": "assert_used"
    },
    {
      "code": "31         assert self._key is not None\n32         assert self._cert is not None\n33         with reraise_errors('Unable to serialize: {0!r}', (Exception,)):\n",
      "filename": "celery/security/serialization.py",
      "issue_confidence": "HIGH",
      "issue_severity": "LOW",
      "issue_text": "Use of assert detected. The enclosed code will be removed when compiling to optimised byte code.",
      "line_number": 32,
      "line_range": [
        32
      ],
      "more_info": "https://bandit.readthedocs.io/en/latest/plugins/b101_assert_used.html",
      "test_id": "B101",
      "test_name": "assert_used"
    },
    {
      "code": "46         \"\"\"Deserialize data structure from string.\"\"\"\n47         assert self._cert_store is not None\n48         with reraise_errors('Unable to deserialize: {0!r}', (Exception,)):\n",
      "filename": "celery/security/serialization.py",
      "issue_confidence": "HIGH",
      "issue_severity": "LOW",
      "issue_text": "Use of assert detected. The enclosed code will be removed when compiling to optimised byte code.",
      "line_number": 47,
      "line_range": [
        47
      ],
      "more_info": "https://bandit.readthedocs.io/en/latest/plugins/b101_assert_used.html",
      "test_id": "B101",
      "test_name": "assert_used"
    },
    {
      "code": "21     \"\"\"Context reraising crypto errors as :exc:`SecurityError`.\"\"\"\n22     assert crypto is not None\n23     errors = (crypto.Error,) if errors is None else errors\n",
      "filename": "celery/security/utils.py",
      "issue_confidence": "HIGH",
      "issue_severity": "LOW",
      "issue_text": "Use of assert detected. The enclosed code will be removed when compiling to optimised byte code.",
      "line_number": 22,
      "line_range": [
        22
      ],
      "more_info": "https://bandit.readthedocs.io/en/latest/plugins/b101_assert_used.html",
      "test_id": "B101",
      "test_name": "assert_used"
    },
    {
      "code": "193     def _connect_signal(self, receiver, sender, weak, dispatch_uid):\n194         assert callable(receiver), 'Signal receivers must be callable'\n195         if not fun_accepts_kwargs(receiver):\n",
      "filename": "celery/utils/dispatch/signal.py",
      "issue_confidence": "HIGH",
      "issue_severity": "LOW",
      "issue_text": "Use of assert detected. The enclosed code will be removed when compiling to optimised byte code.",
      "line_number": 194,
      "line_range": [
        194
      ],
      "more_info": "https://bandit.readthedocs.io/en/latest/plugins/b101_assert_used.html",
      "test_id": "B101",
      "test_name": "assert_used"
    },
    {
      "code": "280     # Tasks are rarely, if ever, created at runtime - exec here is fine.\n281     exec(definition, namespace)\n282     result = namespace[name]\n",
      "filename": "celery/utils/functional.py",
      "issue_confidence": "HIGH",
      "issue_severity": "MEDIUM",
      "issue_text": "Use of exec detected.",
      "line_number": 281,
      "line_range": [
        281
      ],
      "more_info": "https://bandit.readthedocs.io/en/latest/plugins/b102_exec_used.html",
      "test_id": "B102",
      "test_name": "exec_used"
    },
    {
      "code": "21 try:\n22     import cPickle as pickle\n23 except ImportError:\n",
      "filename": "celery/utils/serialization.py",
      "issue_confidence": "HIGH",
      "issue_severity": "LOW",
      "issue_text": "Consider possible security implications associated with cPickle module.",
      "line_number": 22,
      "line_range": [
        22
      ],
      "more_info": "https://bandit.readthedocs.io/en/latest/blacklists/blacklist_imports.html#b403-import-pickle",
      "test_id": "B403",
      "test_name": "blacklist"
    },
    {
      "code": "23 except ImportError:\n24     import pickle  # noqa\n25 \n",
      "filename": "celery/utils/serialization.py",
      "issue_confidence": "HIGH",
      "issue_severity": "LOW",
      "issue_text": "Consider possible security implications associated with pickle module.",
      "line_number": 24,
      "line_range": [
        24
      ],
      "more_info": "https://bandit.readthedocs.io/en/latest/blacklists/blacklist_imports.html#b403-import-pickle",
      "test_id": "B403",
      "test_name": "blacklist"
    },
    {
      "code": "71             loads(dumps(superexc))\n72         except Exception:  # pylint: disable=broad-except\n73             pass\n",
      "filename": "celery/utils/serialization.py",
      "issue_confidence": "HIGH",
      "issue_severity": "LOW",
      "issue_text": "Try, Except, Pass detected.",
      "line_number": 72,
      "line_range": [
        72
      ],
      "more_info": "https://bandit.readthedocs.io/en/latest/plugins/b110_try_except_pass.html",
      "test_id": "B110",
      "test_name": "try_except_pass"
    },
    {
      "code": "165     try:\n166         pickle.loads(pickle.dumps(exc))\n167     except Exception:  # pylint: disable=broad-except\n",
      "filename": "celery/utils/serialization.py",
      "issue_confidence": "HIGH",
      "issue_severity": "MEDIUM",
      "issue_text": "Pickle and modules that wrap it can be unsafe when used to deserialize untrusted data, possible security issue.",
      "line_number": 166,
      "line_range": [
        166
      ],
      "more_info": "https://bandit.readthedocs.io/en/latest/blacklists/blacklist_calls.html#b301-pickle",
      "test_id": "B301",
      "test_name": "blacklist"
    },
    {
      "code": "166         pickle.loads(pickle.dumps(exc))\n167     except Exception:  # pylint: disable=broad-except\n168         pass\n",
      "filename": "celery/utils/serialization.py",
      "issue_confidence": "HIGH",
      "issue_severity": "LOW",
      "issue_text": "Try, Except, Pass detected.",
      "line_number": 167,
      "line_range": [
        167
      ],
      "more_info": "https://bandit.readthedocs.io/en/latest/plugins/b110_try_except_pass.html",
      "test_id": "B110",
      "test_name": "try_except_pass"
    },
    {
      "code": "403     if full_jitter:\n404         countdown = random.randrange(countdown + 1)\n405     # Adjust according to maximum wait time and account for negative values.\n",
      "filename": "celery/utils/time.py",
      "issue_confidence": "HIGH",
      "issue_severity": "LOW",
      "issue_text": "Standard pseudo-random generators are not suitable for security/cryptographic purposes.",
      "line_number": 404,
      "line_range": [
        404
      ],
      "more_info": "https://bandit.readthedocs.io/en/latest/blacklists/blacklist_calls.html#b311-random",
      "test_id": "B311",
      "test_name": "blacklist"
    },
    {
      "code": "79 \n80         assert self.keepalive, 'cannot scale down too fast.'\n81 \n",
      "filename": "celery/worker/autoscale.py",
      "issue_confidence": "HIGH",
      "issue_severity": "LOW",
      "issue_text": "Use of assert detected. The enclosed code will be removed when compiling to optimised byte code.",
      "line_number": 80,
      "line_range": [
        80
      ],
      "more_info": "https://bandit.readthedocs.io/en/latest/plugins/b101_assert_used.html",
      "test_id": "B101",
      "test_name": "assert_used"
    },
    {
      "code": "341             self.connection.collect()\n342         except Exception:  # pylint: disable=broad-except\n343             pass\n",
      "filename": "celery/worker/consumer/consumer.py",
      "issue_confidence": "HIGH",
      "issue_severity": "LOW",
      "issue_text": "Try, Except, Pass detected.",
      "line_number": 342,
      "line_range": [
        342
      ],
      "more_info": "https://bandit.readthedocs.io/en/latest/plugins/b110_try_except_pass.html",
      "test_id": "B110",
      "test_name": "try_except_pass"
    }
  ]
}